[10Jan2026 14:48:52.132] [main/INFO] [cpw.mods.modlauncher.Launcher/MODLAUNCHER]: ModLauncher running: args [--launchTarget, neoforgeclientdev, --version, 21.8.31, --assetIndex, 26, --assetsDir, C:\\Users\\meixn\\.mcreator\\gradle\\caches\\neoformruntime\\assets, --fml.fmlVersion, 9.0.16, --fml.mcVersion, 1.21.8, --fml.neoForgeVersion, 21.8.31, --fml.neoFormVersion, 20250717.133445]
[10Jan2026 14:48:52.138] [main/INFO] [cpw.mods.modlauncher.Launcher/MODLAUNCHER]: JVM identified as Eclipse Adoptium OpenJDK 64-Bit Server VM 21.0.8+9-LTS
[10Jan2026 14:48:52.141] [main/INFO] [cpw.mods.modlauncher.Launcher/MODLAUNCHER]: ModLauncher 9.0 starting: java version 21.0.8 by Eclipse Adoptium; OS Windows 10 arch amd64 version 10.0
[10Jan2026 14:48:52.192] [main/DEBUG] [cpw.mods.modlauncher.LaunchServiceHandler/MODLAUNCHER]: Found launch services [minecraft,neoforgeclientdatadev,neoforgeserver,testharness,neoforgejunitdev,neoforgegametestserverdev,neoforgeclient,neoforgeserverdev,neoforgeclientdev,neoforgeserverdatadev]
[10Jan2026 14:48:52.258] [main/DEBUG] [cpw.mods.modlauncher.LaunchPluginHandler/MODLAUNCHER]: Found launch plugins: [mixin,neoforgedevdistcleaner,slf4jfixer,runtime_enum_extender,accesstransformer]
[10Jan2026 14:48:52.282] [main/DEBUG] [cpw.mods.modlauncher.TransformationServicesHandler/MODLAUNCHER]: Discovering transformation services
[10Jan2026 14:48:52.294] [main/DEBUG] [net.neoforged.fml.loading.FMLPaths/CORE]: Path GAMEDIR is C:\Users\meixn\MCreatorWorkspaces\alan_walker_music\run
[10Jan2026 14:48:52.295] [main/DEBUG] [net.neoforged.fml.loading.FMLPaths/CORE]: Path MODSDIR is C:\Users\meixn\MCreatorWorkspaces\alan_walker_music\run\mods
[10Jan2026 14:48:52.296] [main/DEBUG] [net.neoforged.fml.loading.FMLPaths/CORE]: Path CONFIGDIR is C:\Users\meixn\MCreatorWorkspaces\alan_walker_music\run\config
[10Jan2026 14:48:52.298] [main/DEBUG] [net.neoforged.fml.loading.FMLPaths/CORE]: Path FMLCONFIG is C:\Users\meixn\MCreatorWorkspaces\alan_walker_music\run\config\fml.toml
[10Jan2026 14:48:52.435] [main/DEBUG] [net.neoforged.fml.loading.targets.CommonLaunchHandler/CORE]: Got mod coordinates mcreator%%C:\Users\meixn\MCreatorWorkspaces\alan_walker_music\build\classes\java\main;mcreator%%C:\Users\meixn\MCreatorWorkspaces\alan_walker_music\build\resources\main from env
[10Jan2026 14:48:52.442] [main/DEBUG] [net.neoforged.fml.loading.targets.CommonLaunchHandler/CORE]: Found supplied mod coordinates [{mcreator=[C:\Users\meixn\MCreatorWorkspaces\alan_walker_music\build\classes\java\main, C:\Users\meixn\MCreatorWorkspaces\alan_walker_music\build\resources\main]}]
[10Jan2026 14:48:52.452] [main/DEBUG] [cpw.mods.modlauncher.TransformationServicesHandler/MODLAUNCHER]: Found additional transformation services from discovery services: 
[10Jan2026 14:48:52.464] [main/INFO] [net.neoforged.fml.loading.ImmediateWindowHandler/]: Loading ImmediateWindowProvider fmlearlywindow
[10Jan2026 14:48:52.550] [main/DEBUG] [net.neoforged.fml.earlydisplay.theme.ThemeLoader/]: Loading built-in theme default
[10Jan2026 14:48:53.046] [main/DEBUG] [cpw.mods.modlauncher.TransformationServicesHandler/MODLAUNCHER]: Found transformer services : [mixin,fml]
[10Jan2026 14:48:53.047] [main/DEBUG] [cpw.mods.modlauncher.TransformationServicesHandler/MODLAUNCHER]: Transformation services loading
[10Jan2026 14:48:53.048] [main/DEBUG] [cpw.mods.modlauncher.TransformationServiceDecorator/MODLAUNCHER]: Loading service mixin
[10Jan2026 14:48:53.049] [main/DEBUG] [cpw.mods.modlauncher.TransformationServiceDecorator/MODLAUNCHER]: Loaded service mixin
[10Jan2026 14:48:53.049] [main/DEBUG] [cpw.mods.modlauncher.TransformationServiceDecorator/MODLAUNCHER]: Loading service fml
[10Jan2026 14:48:53.051] [main/DEBUG] [net.neoforged.fml.loading.FMLLoader/CORE]: FML 9.0.16 loading
[10Jan2026 14:48:53.051] [main/DEBUG] [net.neoforged.fml.loading.FMLLoader/CORE]: FML found ModLauncher version : 9.0
[10Jan2026 14:48:53.052] [main/DEBUG] [net.neoforged.fml.loading.FMLLoader/CORE]: FML found AccessTransformer version : 11.0.2+90f14086
[10Jan2026 14:48:53.053] [main/DEBUG] [net.neoforged.fml.loading.FMLLoader/CORE]: FML found EventBus version : null
[10Jan2026 14:48:53.053] [main/DEBUG] [net.neoforged.fml.loading.FMLLoader/CORE]: Found NeoForgeDev Dist Cleaner
[10Jan2026 14:48:53.054] [main/DEBUG] [cpw.mods.modlauncher.TransformationServiceDecorator/MODLAUNCHER]: Loaded service fml
[10Jan2026 14:48:53.055] [main/DEBUG] [cpw.mods.modlauncher.TransformationServicesHandler/MODLAUNCHER]: Configuring option handling for services
[10Jan2026 14:48:53.084] [main/DEBUG] [net.neoforged.fml.loading.FMLServiceProvider/CORE]: Received command line version data  : VersionInfo[neoForgeVersion=21.8.31, fmlVersion=9.0.16, mcVersion=1.21.8, neoFormVersion=20250717.133445]
[10Jan2026 14:48:53.084] [main/DEBUG] [cpw.mods.modlauncher.TransformationServicesHandler/MODLAUNCHER]: Transformation services initializing
[10Jan2026 14:48:53.089] [main/DEBUG] [cpw.mods.modlauncher.TransformationServiceDecorator/MODLAUNCHER]: Initializing transformation service mixin
[10Jan2026 14:48:53.113] [main/DEBUG] [mixin/]: MixinService [ModLauncher] was successfully booted in cpw.mods.cl.ModuleClassLoader@23348b5d
[10Jan2026 14:48:53.154] [main/INFO] [mixin/]: SpongePowered MIXIN Subsystem Version=0.8.7 Source=union:/C:/Users/meixn/.mcreator/gradle/caches/modules-2/files-2.1/net.fabricmc/sponge-mixin/0.15.2+mixin.0.8.7/2af2f021d8e02a0220dc27a7a72b4666d66d44ca/sponge-mixin-0.15.2+mixin.0.8.7.jar%23157!/ Service=ModLauncher Env=CLIENT
[10Jan2026 14:48:53.161] [main/DEBUG] [mixin/]: Initialising Mixin Platform Manager
[10Jan2026 14:48:53.161] [main/DEBUG] [mixin/]: Adding mixin platform agents for container ModLauncher Root Container(ModLauncher:4f56a0a2)
[10Jan2026 14:48:53.164] [main/DEBUG] [mixin/]: Instancing new MixinPlatformAgentMinecraftForge for ModLauncher Root Container(ModLauncher:4f56a0a2)
[10Jan2026 14:48:53.165] [main/DEBUG] [mixin/]: MixinPlatformAgentMinecraftForge rejected container ModLauncher Root Container(ModLauncher:4f56a0a2)
[10Jan2026 14:48:53.167] [main/DEBUG] [mixin/]: Instancing new MixinPlatformAgentDefault for ModLauncher Root Container(ModLauncher:4f56a0a2)
[10Jan2026 14:48:53.168] [main/DEBUG] [mixin/]: MixinPlatformAgentDefault accepted container ModLauncher Root Container(ModLauncher:4f56a0a2)
[10Jan2026 14:48:53.172] [main/DEBUG] [cpw.mods.modlauncher.TransformationServiceDecorator/MODLAUNCHER]: Initialized transformation service mixin
[10Jan2026 14:48:53.172] [main/DEBUG] [cpw.mods.modlauncher.TransformationServiceDecorator/MODLAUNCHER]: Initializing transformation service fml
[10Jan2026 14:48:53.172] [main/DEBUG] [net.neoforged.fml.loading.FMLServiceProvider/CORE]: Setting up basic FML game directories
[10Jan2026 14:48:53.173] [main/DEBUG] [net.neoforged.fml.loading.FMLPaths/CORE]: Path GAMEDIR is C:\Users\meixn\MCreatorWorkspaces\alan_walker_music\run
[10Jan2026 14:48:53.174] [main/DEBUG] [net.neoforged.fml.loading.FMLPaths/CORE]: Path MODSDIR is C:\Users\meixn\MCreatorWorkspaces\alan_walker_music\run\mods
[10Jan2026 14:48:53.175] [main/DEBUG] [net.neoforged.fml.loading.FMLPaths/CORE]: Path CONFIGDIR is C:\Users\meixn\MCreatorWorkspaces\alan_walker_music\run\config
[10Jan2026 14:48:53.176] [main/DEBUG] [net.neoforged.fml.loading.FMLPaths/CORE]: Path FMLCONFIG is C:\Users\meixn\MCreatorWorkspaces\alan_walker_music\run\config\fml.toml
[10Jan2026 14:48:53.178] [main/DEBUG] [net.neoforged.fml.loading.FMLServiceProvider/CORE]: Loading configuration
[10Jan2026 14:48:53.186] [main/DEBUG] [net.neoforged.fml.loading.FMLServiceProvider/CORE]: Preparing launch handler
[10Jan2026 14:48:53.187] [main/DEBUG] [net.neoforged.fml.loading.FMLLoader/CORE]: Using neoforgeclientdev as launch service
[10Jan2026 14:48:53.195] [main/DEBUG] [cpw.mods.modlauncher.TransformationServiceDecorator/MODLAUNCHER]: Initialized transformation service fml
[10Jan2026 14:48:53.195] [main/DEBUG] [cpw.mods.modlauncher.TransformationServicesHandler/MODLAUNCHER]: Transformation services begin scanning
[10Jan2026 14:48:53.198] [main/DEBUG] [cpw.mods.modlauncher.TransformationServiceDecorator/MODLAUNCHER]: Beginning scan trigger - transformation service mixin
[10Jan2026 14:48:53.199] [main/DEBUG] [cpw.mods.modlauncher.TransformationServiceDecorator/MODLAUNCHER]: End scan trigger - transformation service mixin
[10Jan2026 14:48:53.199] [main/DEBUG] [cpw.mods.modlauncher.TransformationServiceDecorator/MODLAUNCHER]: Beginning scan trigger - transformation service fml
[10Jan2026 14:48:53.199] [main/DEBUG] [net.neoforged.fml.loading.FMLServiceProvider/CORE]: Initiating mod scan
[10Jan2026 14:48:53.200] [main/DEBUG] [net.neoforged.fml.loading.targets.CommonLaunchHandler/CORE]: Got mod coordinates mcreator%%C:\Users\meixn\MCreatorWorkspaces\alan_walker_music\build\classes\java\main;mcreator%%C:\Users\meixn\MCreatorWorkspaces\alan_walker_music\build\resources\main from env
[10Jan2026 14:48:53.201] [main/DEBUG] [net.neoforged.fml.loading.targets.CommonLaunchHandler/CORE]: Found supplied mod coordinates [{mcreator=[C:\Users\meixn\MCreatorWorkspaces\alan_walker_music\build\classes\java\main, C:\Users\meixn\MCreatorWorkspaces\alan_walker_music\build\resources\main]}]
[10Jan2026 14:48:53.203] [main/DEBUG] [net.neoforged.fml.loading.targets.NeoForgeDevLaunchHandler/]: Launching with NeoForge from C:\Users\meixn\MCreatorWorkspaces\alan_walker_music\build\moddev\artifacts\neoforge-21.8.31.jar
[10Jan2026 14:48:53.230] [main/DEBUG] [net.neoforged.fml.util.ServiceLoaderUtil/CORE]: Found 4 implementations of IModFileCandidateLocator:
[10Jan2026 14:48:53.232] [main/DEBUG] [net.neoforged.fml.util.ServiceLoaderUtil/CORE]: 	       0 - [built-in] net.neoforged.fml.loading.moddiscovery.locators.NeoForgeDevProvider from loader-9.0.16.jar
[10Jan2026 14:48:53.233] [main/DEBUG] [net.neoforged.fml.util.ServiceLoaderUtil/CORE]: 	       0 - net.neoforged.fml.loading.moddiscovery.locators.ModsFolderLocator from loader-9.0.16.jar
[10Jan2026 14:48:53.233] [main/DEBUG] [net.neoforged.fml.util.ServiceLoaderUtil/CORE]: 	       0 - net.neoforged.fml.loading.moddiscovery.locators.MavenDirectoryLocator from loader-9.0.16.jar
[10Jan2026 14:48:53.234] [main/DEBUG] [net.neoforged.fml.util.ServiceLoaderUtil/CORE]: 	   -1000 - [built-in] net.neoforged.fml.loading.moddiscovery.locators.UserdevLocator from loader-9.0.16.jar
[10Jan2026 14:48:53.239] [main/DEBUG] [net.neoforged.fml.util.ServiceLoaderUtil/CORE]: Found 2 implementations of IModFileReader:
[10Jan2026 14:48:53.239] [main/DEBUG] [net.neoforged.fml.util.ServiceLoaderUtil/CORE]: 	       0 - net.neoforged.fml.loading.moddiscovery.readers.JarModsDotTomlModFileReader from loader-9.0.16.jar
[10Jan2026 14:48:53.240] [main/DEBUG] [net.neoforged.fml.util.ServiceLoaderUtil/CORE]: 	   -1000 - net.neoforged.fml.loading.moddiscovery.readers.NestedLibraryModReader from loader-9.0.16.jar
[10Jan2026 14:48:53.243] [main/DEBUG] [net.neoforged.fml.util.ServiceLoaderUtil/CORE]: Found 1 implementations of IDependencyLocator:
[10Jan2026 14:48:53.245] [main/DEBUG] [net.neoforged.fml.util.ServiceLoaderUtil/CORE]: 	       0 - net.neoforged.fml.loading.moddiscovery.locators.JarInJarDependencyLocator from loader-9.0.16.jar
[10Jan2026 14:48:53.466] [main/DEBUG] [net.neoforged.fml.loading.moddiscovery.ModFileInfo/LOADING]: Found valid mod file neoforge-21.8.31.jar with {minecraft} mods - versions {1.21.8}
[10Jan2026 14:48:53.488] [main/DEBUG] [net.neoforged.fml.loading.moddiscovery.ModFileParser/LOADING]: Considering mod file candidate C:\Users\meixn\MCreatorWorkspaces\alan_walker_music\build\moddev\artifacts\neoforge-21.8.31.jar
[10Jan2026 14:48:53.545] [main/DEBUG] [net.neoforged.fml.loading.moddiscovery.ModFileInfo/LOADING]: Found valid mod file neoforge-21.8.31.jar with {neoforge} mods - versions {21.8.31}
[10Jan2026 14:48:53.552] [main/DEBUG] [net.neoforged.fml.loading.moddiscovery.ModListHandler/CORE]: Found mod coordinates from lists: []
[10Jan2026 14:48:53.556] [main/DEBUG] [net.neoforged.fml.loading.moddiscovery.ModFileParser/LOADING]: Considering mod file candidate C:\Users\meixn\MCreatorWorkspaces\alan_walker_music\build\classes\java\main
[10Jan2026 14:48:53.570] [main/DEBUG] [net.neoforged.fml.loading.moddiscovery.ModFileInfo/LOADING]: Found valid mod file main with {alan_walker_music} mods - versions {1.4.5}
[10Jan2026 14:48:53.597] [main/DEBUG] [net.neoforged.fml.loading.moddiscovery.ModFileParser/LOADING]: Considering mod file candidate C:\Users\meixn\MCreatorWorkspaces\alan_walker_music\build\moddev\artifacts\neoforge-21.8.31.jar
[10Jan2026 14:48:53.600] [main/DEBUG] [net.neoforged.fml.loading.moddiscovery.ModFileInfo/LOADING]: Found valid mod file neoforge-21.8.31.jar with {neoforge} mods - versions {21.8.31}
[10Jan2026 14:48:53.682] [main/DEBUG] [net.neoforged.fml.loading.moddiscovery.ModDiscoverer/]: Skipping C:\Users\meixn\.mcreator\gradle\caches\modules-2\files-2.1\net.neoforged.fancymodloader\earlydisplay\9.0.16\303a11afeb7cb2f9477ab0e27cc739af2a930a9e\earlydisplay-9.0.16.jar because it was already located earlier
[10Jan2026 14:48:53.682] [main/DEBUG] [net.neoforged.fml.loading.moddiscovery.ModDiscoverer/]: Skipping C:\Users\meixn\.mcreator\gradle\caches\modules-2\files-2.1\net.neoforged.fancymodloader\loader\9.0.16\ce1493ad6231325f40ee4571ae9b13d7ba98feff\loader-9.0.16.jar because it was already located earlier
[10Jan2026 14:48:53.683] [main/DEBUG] [net.neoforged.fml.loading.moddiscovery.ModDiscoverer/]: Skipping C:\Users\meixn\.mcreator\gradle\caches\modules-2\files-2.1\net.neoforged\accesstransformers\11.0.2\25dcb69c78b16669935f0ab91dff830ce192379d\accesstransformers-11.0.2.jar because it was already located earlier
[10Jan2026 14:48:53.683] [main/DEBUG] [net.neoforged.fml.loading.moddiscovery.ModDiscoverer/]: Skipping C:\Users\meixn\.mcreator\gradle\caches\modules-2\files-2.1\org.ow2.asm\asm-commons\9.8\36e4d212970388e5bd2c5180292012502df461bb\asm-commons-9.8.jar because it was already located earlier
[10Jan2026 14:48:53.683] [main/DEBUG] [net.neoforged.fml.loading.moddiscovery.ModDiscoverer/]: Skipping C:\Users\meixn\.mcreator\gradle\caches\modules-2\files-2.1\net.neoforged\mergetool\2.0.0\52fe1949be64e3303aabaaa21e315f551db9c9f4\mergetool-2.0.0-api.jar because it was already located earlier
[10Jan2026 14:48:53.684] [main/DEBUG] [net.neoforged.fml.loading.moddiscovery.ModDiscoverer/]: Skipping C:\Users\meixn\.mcreator\gradle\caches\modules-2\files-2.1\org.ow2.asm\asm-util\9.8\395f1c1f035258511f27bc9b2583d76e4b143f59\asm-util-9.8.jar because it was already located earlier
[10Jan2026 14:48:53.684] [main/DEBUG] [net.neoforged.fml.loading.moddiscovery.ModDiscoverer/]: Skipping C:\Users\meixn\.mcreator\gradle\caches\modules-2\files-2.1\org.ow2.asm\asm-analysis\9.8\b9747a320844b6cb1eacd90d8ecfd260a16c01d3\asm-analysis-9.8.jar because it was already located earlier
[10Jan2026 14:48:53.684] [main/DEBUG] [net.neoforged.fml.loading.moddiscovery.ModDiscoverer/]: Skipping C:\Users\meixn\.mcreator\gradle\caches\modules-2\files-2.1\org.ow2.asm\asm-tree\9.8\18419ca5b77a2f81097c741e7872e6ab8d2f40d\asm-tree-9.8.jar because it was already located earlier
[10Jan2026 14:48:53.684] [main/DEBUG] [net.neoforged.fml.loading.moddiscovery.ModDiscoverer/]: Skipping C:\Users\meixn\.mcreator\gradle\caches\modules-2\files-2.1\net.neoforged\bus\8.0.5\5b2d33285ab5d1554e9798ad98c40d6ea3868bd5\bus-8.0.5.jar because it was already located earlier
[10Jan2026 14:48:53.684] [main/DEBUG] [net.neoforged.fml.loading.moddiscovery.ModDiscoverer/]: Skipping C:\Users\meixn\.mcreator\gradle\caches\modules-2\files-2.1\org.ow2.asm\asm\9.8\dc19ecb3f7889b7860697215cae99c0f9b6f6b4b\asm-9.8.jar because it was already located earlier
[10Jan2026 14:48:53.685] [main/DEBUG] [net.neoforged.fml.loading.moddiscovery.ModDiscoverer/]: Skipping C:\Users\meixn\.mcreator\gradle\caches\modules-2\files-2.1\com.electronwill.night-config\toml\3.8.3\90b2fd6efcb4a7d5b9810cf78f9d824994d717f2\toml-3.8.3.jar because it was already located earlier
[10Jan2026 14:48:53.685] [main/DEBUG] [net.neoforged.fml.loading.moddiscovery.ModDiscoverer/]: Skipping C:\Users\meixn\.mcreator\gradle\caches\modules-2\files-2.1\com.electronwill.night-config\core\3.8.3\b442a95f09e349927f5a945ecb594455870fcf4f\core-3.8.3.jar because it was already located earlier
[10Jan2026 14:48:53.685] [main/DEBUG] [net.neoforged.fml.loading.moddiscovery.ModDiscoverer/]: Skipping C:\Users\meixn\.mcreator\gradle\caches\modules-2\files-2.1\net.neoforged\JarJarSelector\0.4.1\fb3cc7a58af22ad2880adb98af6d518128c47dae\JarJarSelector-0.4.1.jar because it was already located earlier
[10Jan2026 14:48:53.685] [main/DEBUG] [net.neoforged.fml.loading.moddiscovery.ModDiscoverer/]: Skipping C:\Users\meixn\.mcreator\gradle\caches\modules-2\files-2.1\net.neoforged\JarJarMetadata\0.4.1\f8da03683dc81694556dc3e177c5e3bb77ae6fcb\JarJarMetadata-0.4.1.jar because it was already located earlier
[10Jan2026 14:48:53.686] [main/DEBUG] [net.neoforged.fml.loading.moddiscovery.ModDiscoverer/]: Skipping C:\Users\meixn\.mcreator\gradle\caches\modules-2\files-2.1\org.apache.maven\maven-artifact\3.9.9\a130ec431ef32e12a4424f9b074735bb58e15d2d\maven-artifact-3.9.9.jar because it was already located earlier
[10Jan2026 14:48:53.686] [main/DEBUG] [net.neoforged.fml.loading.moddiscovery.ModDiscoverer/]: Skipping C:\Users\meixn\.mcreator\gradle\caches\modules-2\files-2.1\net.jodah\typetools\0.6.3\a01aaa6ddaea9ec07ec4f209487b7a46a526283a\typetools-0.6.3.jar because it was already located earlier
[10Jan2026 14:48:53.686] [main/DEBUG] [net.neoforged.fml.loading.moddiscovery.ModDiscoverer/]: Skipping C:\Users\meixn\.mcreator\gradle\caches\modules-2\files-2.1\net.minecrell\terminalconsoleappender\1.3.0\b562e9bb61235c9520e26282cdee71f8f802d1fc\terminalconsoleappender-1.3.0.jar because it was already located earlier
[10Jan2026 14:48:53.687] [main/DEBUG] [net.neoforged.fml.loading.moddiscovery.ModDiscoverer/]: Skipping C:\Users\meixn\.mcreator\gradle\caches\modules-2\files-2.1\net.fabricmc\sponge-mixin\0.15.2+mixin.0.8.7\2af2f021d8e02a0220dc27a7a72b4666d66d44ca\sponge-mixin-0.15.2+mixin.0.8.7.jar because it was already located earlier
[10Jan2026 14:48:53.687] [main/DEBUG] [net.neoforged.fml.loading.moddiscovery.ModDiscoverer/]: Skipping C:\Users\meixn\.mcreator\gradle\caches\modules-2\files-2.1\net.sf.jopt-simple\jopt-simple\5.0.4\4fdac2fbe92dfad86aa6e9301736f6b4342a3f5c\jopt-simple-5.0.4.jar because it was already located earlier
[10Jan2026 14:48:53.687] [main/DEBUG] [net.neoforged.fml.loading.moddiscovery.ModDiscoverer/]: Skipping C:\Users\meixn\.mcreator\gradle\caches\modules-2\files-2.1\commons-io\commons-io\2.17.0\ddcc8433eb019fb48fe25207c0278143f3e1d7e2\commons-io-2.17.0.jar because it was already located earlier
[10Jan2026 14:48:53.687] [main/DEBUG] [net.neoforged.fml.loading.moddiscovery.ModDiscoverer/]: Skipping C:\Users\meixn\.mcreator\gradle\caches\modules-2\files-2.1\com.mojang\logging\1.5.10\9ab1202793717af9df9c1704d0a02892067001eb\logging-1.5.10.jar because it was already located earlier
[10Jan2026 14:48:53.688] [main/DEBUG] [net.neoforged.fml.loading.moddiscovery.ModDiscoverer/]: Skipping C:\Users\meixn\.mcreator\gradle\caches\modules-2\files-2.1\org.apache.logging.log4j\log4j-slf4j2-impl\2.24.1\8e3ddc96464ef7f768823e7e001a52b23de8cd0a\log4j-slf4j2-impl-2.24.1.jar because it was already located earlier
[10Jan2026 14:48:53.688] [main/DEBUG] [net.neoforged.fml.loading.moddiscovery.ModDiscoverer/]: Skipping C:\Users\meixn\.mcreator\gradle\caches\modules-2\files-2.1\org.apache.logging.log4j\log4j-core\2.24.1\c85285146f28d8c8962384f786e2dff04172fb43\log4j-core-2.24.1.jar because it was already located earlier
[10Jan2026 14:48:53.688] [main/DEBUG] [net.neoforged.fml.loading.moddiscovery.ModDiscoverer/]: Skipping C:\Users\meixn\.mcreator\gradle\caches\modules-2\files-2.1\org.apache.logging.log4j\log4j-api\2.24.1\7ebeb12c20606373005af4232cd0ecca72613dda\log4j-api-2.24.1.jar because it was already located earlier
[10Jan2026 14:48:53.688] [main/DEBUG] [net.neoforged.fml.loading.moddiscovery.ModDiscoverer/]: Skipping C:\Users\meixn\.mcreator\gradle\caches\modules-2\files-2.1\com.google.guava\guava\33.3.1-jre\852f8b363da0111e819460021ca693cacca3e8db\guava-33.3.1-jre.jar because it was already located earlier
[10Jan2026 14:48:53.689] [main/DEBUG] [net.neoforged.fml.loading.moddiscovery.ModDiscoverer/]: Skipping C:\Users\meixn\.mcreator\gradle\caches\modules-2\files-2.1\com.google.code.gson\gson\2.11.0\527175ca6d81050b53bdd4c457a6d6e017626b0e\gson-2.11.0.jar because it was already located earlier
[10Jan2026 14:48:53.689] [main/DEBUG] [net.neoforged.fml.loading.moddiscovery.ModDiscoverer/]: Skipping C:\Users\meixn\.mcreator\gradle\caches\modules-2\files-2.1\org.apache.commons\commons-lang3\3.17.0\b17d2136f0460dcc0d2016ceefca8723bdf4ee70\commons-lang3-3.17.0.jar because it was already located earlier
[10Jan2026 14:48:53.689] [main/DEBUG] [net.neoforged.fml.loading.moddiscovery.ModDiscoverer/]: Skipping C:\Users\meixn\.mcreator\gradle\caches\modules-2\files-2.1\net.neoforged.accesstransformers\at-parser\11.0.2\64aae57d6d26d69543c5275181fe6971707a4e16\at-parser-11.0.2.jar because it was already located earlier
[10Jan2026 14:48:53.690] [main/DEBUG] [net.neoforged.fml.loading.moddiscovery.ModDiscoverer/]: Skipping C:\Users\meixn\.mcreator\gradle\caches\modules-2\files-2.1\org.slf4j\slf4j-api\2.0.16\172931663a09a1fa515567af5fbef00897d3c04\slf4j-api-2.0.16.jar because it was already located earlier
[10Jan2026 14:48:53.690] [main/DEBUG] [net.neoforged.fml.loading.moddiscovery.ModDiscoverer/]: Skipping C:\Users\meixn\.mcreator\gradle\caches\modules-2\files-2.1\net.minecraftforge\srgutils\0.4.15\ca408b131759478f164e010fae0d73997e125fb5\srgutils-0.4.15.jar because it was already located earlier
[10Jan2026 14:48:53.690] [main/DEBUG] [net.neoforged.fml.loading.moddiscovery.ModDiscoverer/]: Skipping C:\Users\meixn\.mcreator\gradle\caches\modules-2\files-2.1\org.codehaus.plexus\plexus-utils\3.5.1\c6bfb17c97ecc8863e88778ea301be742c62b06d\plexus-utils-3.5.1.jar because it was already located earlier
[10Jan2026 14:48:53.690] [main/DEBUG] [net.neoforged.fml.loading.moddiscovery.ModDiscoverer/]: Skipping C:\Users\meixn\.mcreator\gradle\caches\modules-2\files-2.1\org.jline\jline-reader\3.20.0\8f15415b022a25b473e8e16c28ae913186ffb9c4\jline-reader-3.20.0.jar because it was already located earlier
[10Jan2026 14:48:53.691] [main/DEBUG] [net.neoforged.fml.loading.moddiscovery.ModDiscoverer/]: Skipping C:\Users\meixn\.mcreator\gradle\caches\modules-2\files-2.1\com.machinezoo.noexception\noexception\1.7.1\b65330c98e38a1f915fa54a6e5eca496505e3f0a\noexception-1.7.1.jar because it was already located earlier
[10Jan2026 14:48:53.691] [main/DEBUG] [net.neoforged.fml.loading.moddiscovery.ModDiscoverer/]: Skipping C:\Users\meixn\.mcreator\gradle\caches\modules-2\files-2.1\com.fasterxml.jackson.core\jackson-annotations\2.13.4\858c6cc78e1f08a885b1613e1d817c829df70a6e\jackson-annotations-2.13.4.jar because it was already located earlier
[10Jan2026 14:48:53.691] [main/DEBUG] [net.neoforged.fml.loading.moddiscovery.ModDiscoverer/]: Skipping C:\Users\meixn\.mcreator\gradle\caches\modules-2\files-2.1\com.fasterxml.jackson.core\jackson-core\2.13.4\cf934c681294b97ef6d80082faeefbe1edadf56\jackson-core-2.13.4.jar because it was already located earlier
[10Jan2026 14:48:53.692] [main/DEBUG] [net.neoforged.fml.loading.moddiscovery.ModDiscoverer/]: Skipping C:\Users\meixn\.mcreator\gradle\caches\modules-2\files-2.1\com.fasterxml.jackson.core\jackson-databind\2.13.4.2\325c06bdfeb628cfb80ebaaf1a26cc1eb558a585\jackson-databind-2.13.4.2.jar because it was already located earlier
[10Jan2026 14:48:53.692] [main/DEBUG] [net.neoforged.fml.loading.moddiscovery.ModDiscoverer/]: Skipping C:\Users\meixn\.mcreator\gradle\caches\modules-2\files-2.1\com.github.oshi\oshi-core\6.6.5\e1099981fd15dc4236c4499d82aba1276fb43a9a\oshi-core-6.6.5.jar because it was already located earlier
[10Jan2026 14:48:53.693] [main/DEBUG] [net.neoforged.fml.loading.moddiscovery.ModDiscoverer/]: Skipping C:\Users\meixn\.mcreator\gradle\caches\modules-2\files-2.1\com.github.stephenc.jcip\jcip-annotations\1.0-1\ef31541dd28ae2cefdd17c7ebf352d93e9058c63\jcip-annotations-1.0-1.jar because it was already located earlier
[10Jan2026 14:48:53.693] [main/DEBUG] [net.neoforged.fml.loading.moddiscovery.ModDiscoverer/]: Skipping C:\Users\meixn\.mcreator\gradle\caches\modules-2\files-2.1\com.google.guava\failureaccess\1.0.2\c4a06a64e650562f30b7bf9aaec1bfed43aca12b\failureaccess-1.0.2.jar because it was already located earlier
[10Jan2026 14:48:53.693] [main/DEBUG] [net.neoforged.fml.loading.moddiscovery.ModDiscoverer/]: Skipping C:\Users\meixn\.mcreator\gradle\caches\modules-2\files-2.1\com.ibm.icu\icu4j\76.1\215f3a8e936d4069344bd75f2b1368fd58112894\icu4j-76.1.jar because it was already located earlier
[10Jan2026 14:48:53.694] [main/DEBUG] [net.neoforged.fml.loading.moddiscovery.ModDiscoverer/]: Skipping C:\Users\meixn\.mcreator\gradle\caches\modules-2\files-2.1\com.microsoft.azure\msal4j\1.17.2\a6211e3d71d0388929babaa0ff0951b30d001852\msal4j-1.17.2.jar because it was already located earlier
[10Jan2026 14:48:53.694] [main/DEBUG] [net.neoforged.fml.loading.moddiscovery.ModDiscoverer/]: Skipping C:\Users\meixn\.mcreator\gradle\caches\modules-2\files-2.1\com.mojang\authlib\6.0.58\9261a6d53e629469fab20136b968bf5202d9c0f7\authlib-6.0.58.jar because it was already located earlier
[10Jan2026 14:48:53.694] [main/DEBUG] [net.neoforged.fml.loading.moddiscovery.ModDiscoverer/]: Skipping C:\Users\meixn\.mcreator\gradle\caches\modules-2\files-2.1\com.mojang\blocklist\1.0.10\5c685c5ffa94c4cd39496c7184c1d122e515ecef\blocklist-1.0.10.jar because it was already located earlier
[10Jan2026 14:48:53.695] [main/DEBUG] [net.neoforged.fml.loading.moddiscovery.ModDiscoverer/]: Skipping C:\Users\meixn\.mcreator\gradle\caches\modules-2\files-2.1\com.mojang\brigadier\1.3.10\d15b53a14cf20fdcaa98f731af5dda654452c010\brigadier-1.3.10.jar because it was already located earlier
[10Jan2026 14:48:53.695] [main/DEBUG] [net.neoforged.fml.loading.moddiscovery.ModDiscoverer/]: Skipping C:\Users\meixn\.mcreator\gradle\caches\modules-2\files-2.1\com.mojang\datafixerupper\8.0.16\67d4de6d7f95d89bcf5862995fb854ebaec02a34\datafixerupper-8.0.16.jar because it was already located earlier
[10Jan2026 14:48:53.695] [main/DEBUG] [net.neoforged.fml.loading.moddiscovery.ModDiscoverer/]: Skipping C:\Users\meixn\.mcreator\gradle\caches\modules-2\files-2.1\com.mojang\jtracy\1.0.29\6f07dcb6a2e595c7ee2ca43b67e5d1c018ca0770\jtracy-1.0.29.jar because it was already located earlier
[10Jan2026 14:48:53.695] [main/DEBUG] [net.neoforged.fml.loading.moddiscovery.ModDiscoverer/]: Skipping C:\Users\meixn\.mcreator\gradle\caches\modules-2\files-2.1\com.mojang\jtracy\1.0.29\e05332cb31c7ae582dc8d8bd1bffd47c2ff7636f\jtracy-1.0.29-natives-windows.jar because it was already located earlier
[10Jan2026 14:48:53.696] [main/DEBUG] [net.neoforged.fml.loading.moddiscovery.ModDiscoverer/]: Skipping C:\Users\meixn\.mcreator\gradle\caches\modules-2\files-2.1\com.mojang\patchy\2.2.10\da05971b07cbb379d002cf7eaec6a2048211fefc\patchy-2.2.10.jar because it was already located earlier
[10Jan2026 14:48:53.696] [main/DEBUG] [net.neoforged.fml.loading.moddiscovery.ModDiscoverer/]: Skipping C:\Users\meixn\.mcreator\gradle\caches\modules-2\files-2.1\com.mojang\text2speech\1.18.11\e853a12cdd6ba4f4836e8f4bf3b37844a13482b6\text2speech-1.18.11.jar because it was already located earlier
[10Jan2026 14:48:53.697] [main/DEBUG] [net.neoforged.fml.loading.moddiscovery.ModDiscoverer/]: Skipping C:\Users\meixn\.mcreator\gradle\caches\modules-2\files-2.1\com.nimbusds\content-type\2.3\e3aa0be212d7a42839a8f3f506f5b990bcce0222\content-type-2.3.jar because it was already located earlier
[10Jan2026 14:48:53.697] [main/DEBUG] [net.neoforged.fml.loading.moddiscovery.ModDiscoverer/]: Skipping C:\Users\meixn\.mcreator\gradle\caches\modules-2\files-2.1\com.nimbusds\lang-tag\1.7\97c73ecd70bc7e8eefb26c5eea84f251a63f1031\lang-tag-1.7.jar because it was already located earlier
[10Jan2026 14:48:53.698] [main/DEBUG] [net.neoforged.fml.loading.moddiscovery.ModDiscoverer/]: Skipping C:\Users\meixn\.mcreator\gradle\caches\modules-2\files-2.1\com.nimbusds\nimbus-jose-jwt\9.40\42b1dfa0360e4062951b070bac52dd8d96fd7b38\nimbus-jose-jwt-9.40.jar because it was already located earlier
[10Jan2026 14:48:53.698] [main/DEBUG] [net.neoforged.fml.loading.moddiscovery.ModDiscoverer/]: Skipping C:\Users\meixn\.mcreator\gradle\caches\modules-2\files-2.1\com.nimbusds\oauth2-oidc-sdk\11.18\7c7ec4f4066625ff07a711ad856fa04da1ff9de\oauth2-oidc-sdk-11.18.jar because it was already located earlier
[10Jan2026 14:48:53.698] [main/DEBUG] [net.neoforged.fml.loading.moddiscovery.ModDiscoverer/]: Skipping C:\Users\meixn\.mcreator\gradle\caches\modules-2\files-2.1\commons-codec\commons-codec\1.17.1\973638b7149d333563584137ebf13a691bb60579\commons-codec-1.17.1.jar because it was already located earlier
[10Jan2026 14:48:53.699] [main/DEBUG] [net.neoforged.fml.loading.moddiscovery.ModDiscoverer/]: Skipping C:\Users\meixn\.mcreator\gradle\caches\modules-2\files-2.1\commons-logging\commons-logging\1.3.4\b9fc14968d63a8b8a8a2c1885fe3e90564239708\commons-logging-1.3.4.jar because it was already located earlier
[10Jan2026 14:48:53.699] [main/DEBUG] [net.neoforged.fml.loading.moddiscovery.ModDiscoverer/]: Skipping C:\Users\meixn\.mcreator\gradle\caches\modules-2\files-2.1\io.netty\netty-buffer\4.1.118.Final\7022990af1e0d449f9d5322035899745e19735c5\netty-buffer-4.1.118.Final.jar because it was already located earlier
[10Jan2026 14:48:53.699] [main/DEBUG] [net.neoforged.fml.loading.moddiscovery.ModDiscoverer/]: Skipping C:\Users\meixn\.mcreator\gradle\caches\modules-2\files-2.1\io.netty\netty-codec\4.1.118.Final\307f665c08ce57333121de4f460479fc0c3c94d4\netty-codec-4.1.118.Final.jar because it was already located earlier
[10Jan2026 14:48:53.699] [main/DEBUG] [net.neoforged.fml.loading.moddiscovery.ModDiscoverer/]: Skipping C:\Users\meixn\.mcreator\gradle\caches\modules-2\files-2.1\io.netty\netty-common\4.1.118.Final\4bb0f9899146484fa89f7b9bc27389d5b8e2ecde\netty-common-4.1.118.Final.jar because it was already located earlier
[10Jan2026 14:48:53.699] [main/DEBUG] [net.neoforged.fml.loading.moddiscovery.ModDiscoverer/]: Skipping C:\Users\meixn\.mcreator\gradle\caches\modules-2\files-2.1\io.netty\netty-handler\4.1.118.Final\30ebb05b6b0fb071dbfcf713017c4a767a97bb9b\netty-handler-4.1.118.Final.jar because it was already located earlier
[10Jan2026 14:48:53.700] [main/DEBUG] [net.neoforged.fml.loading.moddiscovery.ModDiscoverer/]: Skipping C:\Users\meixn\.mcreator\gradle\caches\modules-2\files-2.1\io.netty\netty-resolver\4.1.118.Final\28c378c19c1779eca1104b400452627f3ebc4aea\netty-resolver-4.1.118.Final.jar because it was already located earlier
[10Jan2026 14:48:53.700] [main/DEBUG] [net.neoforged.fml.loading.moddiscovery.ModDiscoverer/]: Skipping C:\Users\meixn\.mcreator\gradle\caches\modules-2\files-2.1\io.netty\netty-transport-classes-epoll\4.1.118.Final\376ce95507066f0e755d97c1c8bcd6c33f657617\netty-transport-classes-epoll-4.1.118.Final.jar because it was already located earlier
[10Jan2026 14:48:53.700] [main/DEBUG] [net.neoforged.fml.loading.moddiscovery.ModDiscoverer/]: Skipping C:\Users\meixn\.mcreator\gradle\caches\modules-2\files-2.1\io.netty\netty-transport-native-unix-common\4.1.118.Final\9da25a94e6a0edac90da0bc7894e5a54efcb866b\netty-transport-native-unix-common-4.1.118.Final.jar because it was already located earlier
[10Jan2026 14:48:53.701] [main/DEBUG] [net.neoforged.fml.loading.moddiscovery.ModDiscoverer/]: Skipping C:\Users\meixn\.mcreator\gradle\caches\modules-2\files-2.1\io.netty\netty-transport\4.1.118.Final\5a27232e5d08218722d94ca14f0b1b4576e7711c\netty-transport-4.1.118.Final.jar because it was already located earlier
[10Jan2026 14:48:53.701] [main/DEBUG] [net.neoforged.fml.loading.moddiscovery.ModDiscoverer/]: Skipping C:\Users\meixn\.mcreator\gradle\caches\modules-2\files-2.1\it.unimi.dsi\fastutil\8.5.15\1e885b40c9563ab0d3899b871fd0b30e958705dc\fastutil-8.5.15.jar because it was already located earlier
[10Jan2026 14:48:53.701] [main/DEBUG] [net.neoforged.fml.loading.moddiscovery.ModDiscoverer/]: Skipping C:\Users\meixn\.mcreator\gradle\caches\modules-2\files-2.1\net.java.dev.jna\jna-platform\5.15.0\86b502cad57d45da172b5e3231c537b042e296ef\jna-platform-5.15.0.jar because it was already located earlier
[10Jan2026 14:48:53.705] [main/DEBUG] [net.neoforged.fml.loading.moddiscovery.ModDiscoverer/]: Skipping C:\Users\meixn\.mcreator\gradle\caches\modules-2\files-2.1\net.java.dev.jna\jna\5.15.0\1ee1d80ff44f08280188f7c0e740d57207841ac\jna-5.15.0.jar because it was already located earlier
[10Jan2026 14:48:53.705] [main/DEBUG] [net.neoforged.fml.loading.moddiscovery.ModDiscoverer/]: Skipping C:\Users\meixn\.mcreator\gradle\caches\modules-2\files-2.1\net.minidev\accessors-smart\2.5.1\19b820261eb2e7de7d5bde11d1c06e4501dd7e5f\accessors-smart-2.5.1.jar because it was already located earlier
[10Jan2026 14:48:53.705] [main/DEBUG] [net.neoforged.fml.loading.moddiscovery.ModDiscoverer/]: Skipping C:\Users\meixn\.mcreator\gradle\caches\modules-2\files-2.1\net.minidev\json-smart\2.5.1\4c11d2808d009132dfbbf947ebf37de6bf266c8e\json-smart-2.5.1.jar because it was already located earlier
[10Jan2026 14:48:53.705] [main/DEBUG] [net.neoforged.fml.loading.moddiscovery.ModDiscoverer/]: Skipping C:\Users\meixn\.mcreator\gradle\caches\modules-2\files-2.1\org.apache.commons\commons-compress\1.27.1\a19151084758e2fbb6b41eddaa88e7b8ff4e6599\commons-compress-1.27.1.jar because it was already located earlier
[10Jan2026 14:48:53.705] [main/DEBUG] [net.neoforged.fml.loading.moddiscovery.ModDiscoverer/]: Skipping C:\Users\meixn\.mcreator\gradle\caches\modules-2\files-2.1\org.apache.httpcomponents\httpclient\4.5.14\1194890e6f56ec29177673f2f12d0b8e627dec98\httpclient-4.5.14.jar because it was already located earlier
[10Jan2026 14:48:53.706] [main/DEBUG] [net.neoforged.fml.loading.moddiscovery.ModDiscoverer/]: Skipping C:\Users\meixn\.mcreator\gradle\caches\modules-2\files-2.1\org.apache.httpcomponents\httpcore\4.4.16\51cf043c87253c9f58b539c9f7e44c8894223850\httpcore-4.4.16.jar because it was already located earlier
[10Jan2026 14:48:53.706] [main/DEBUG] [net.neoforged.fml.loading.moddiscovery.ModDiscoverer/]: Skipping C:\Users\meixn\.mcreator\gradle\caches\modules-2\files-2.1\org.jcraft\jorbis\0.0.17\8872d22b293e8f5d7d56ff92be966e6dc28ebdc6\jorbis-0.0.17.jar because it was already located earlier
[10Jan2026 14:48:53.706] [main/DEBUG] [net.neoforged.fml.loading.moddiscovery.ModDiscoverer/]: Skipping C:\Users\meixn\.mcreator\gradle\caches\modules-2\files-2.1\org.joml\joml\1.10.8\fc0a71dad90a2cf41d82a76156a0e700af8e4f8d\joml-1.10.8.jar because it was already located earlier
[10Jan2026 14:48:53.706] [main/DEBUG] [net.neoforged.fml.loading.moddiscovery.ModDiscoverer/]: Skipping C:\Users\meixn\.mcreator\gradle\caches\modules-2\files-2.1\org.lwjgl\lwjgl-freetype\3.3.3\a0db6c84a8becc8ca05f9dbfa985edc348a824c7\lwjgl-freetype-3.3.3.jar because it was already located earlier
[10Jan2026 14:48:53.721] [main/DEBUG] [net.neoforged.fml.loading.moddiscovery.ModDiscoverer/]: Skipping C:\Users\meixn\.mcreator\gradle\caches\modules-2\files-2.1\org.lwjgl\lwjgl-freetype\3.3.3\15a8c1de7f51d07a92eae7ce1222557073a0c0c3\lwjgl-freetype-3.3.3-natives-windows-x86.jar because it was already located earlier
[10Jan2026 14:48:53.721] [main/DEBUG] [net.neoforged.fml.loading.moddiscovery.ModDiscoverer/]: Skipping C:\Users\meixn\.mcreator\gradle\caches\modules-2\files-2.1\org.lwjgl\lwjgl-glfw\3.3.3\efa1eb78c5ccd840e9f329717109b5e892d72f8e\lwjgl-glfw-3.3.3.jar because it was already located earlier
[10Jan2026 14:48:53.734] [main/DEBUG] [net.neoforged.fml.loading.moddiscovery.ModDiscoverer/]: Skipping C:\Users\meixn\.mcreator\gradle\caches\modules-2\files-2.1\org.lwjgl\lwjgl-glfw\3.3.3\32334f3fd5270a59bad9939a93115acb6de36dcf\lwjgl-glfw-3.3.3-natives-windows-x86.jar because it was already located earlier
[10Jan2026 14:48:53.734] [main/DEBUG] [net.neoforged.fml.loading.moddiscovery.ModDiscoverer/]: Skipping C:\Users\meixn\.mcreator\gradle\caches\modules-2\files-2.1\org.lwjgl\lwjgl-jemalloc\3.3.3\b543467b7ff3c6920539a88ee602d34098628be5\lwjgl-jemalloc-3.3.3.jar because it was already located earlier
[10Jan2026 14:48:53.735] [main/DEBUG] [net.neoforged.fml.loading.moddiscovery.ModDiscoverer/]: Skipping C:\Users\meixn\.mcreator\gradle\caches\modules-2\files-2.1\org.lwjgl\lwjgl-jemalloc\3.3.3\426222fc027602a5f21b9c0fe79cde6a4c7a011f\lwjgl-jemalloc-3.3.3-natives-windows.jar because it was already located earlier
[10Jan2026 14:48:53.748] [main/DEBUG] [net.neoforged.fml.loading.moddiscovery.ModDiscoverer/]: Skipping C:\Users\meixn\.mcreator\gradle\caches\modules-2\files-2.1\org.lwjgl\lwjgl-openal\3.3.3\daada81ceb5fc0c291fbfdd4433cb8d9423577f2\lwjgl-openal-3.3.3.jar because it was already located earlier
[10Jan2026 14:48:53.766] [main/DEBUG] [net.neoforged.fml.loading.moddiscovery.ModDiscoverer/]: Skipping C:\Users\meixn\.mcreator\gradle\caches\modules-2\files-2.1\org.lwjgl\lwjgl-openal\3.3.3\87b8d5050e3adb46bb58fe1cb2669a4a48fce10d\lwjgl-openal-3.3.3-natives-windows-x86.jar because it was already located earlier
[10Jan2026 14:48:53.766] [main/DEBUG] [net.neoforged.fml.loading.moddiscovery.ModDiscoverer/]: Skipping C:\Users\meixn\.mcreator\gradle\caches\modules-2\files-2.1\org.lwjgl\lwjgl-opengl\3.3.3\2f6b0147078396a58979125a4c947664e98293a\lwjgl-opengl-3.3.3.jar because it was already located earlier
[10Jan2026 14:48:53.773] [main/DEBUG] [net.neoforged.fml.loading.moddiscovery.ModDiscoverer/]: Skipping C:\Users\meixn\.mcreator\gradle\caches\modules-2\files-2.1\org.lwjgl\lwjgl-opengl\3.3.3\65e956d3735a1abdc82eff4baec1b61174697d4b\lwjgl-opengl-3.3.3-natives-windows-arm64.jar because it was already located earlier
[10Jan2026 14:48:53.782] [main/DEBUG] [net.neoforged.fml.loading.moddiscovery.ModDiscoverer/]: Skipping C:\Users\meixn\.mcreator\gradle\caches\modules-2\files-2.1\org.lwjgl\lwjgl-stb\3.3.3\25dd6161988d7e65f71d5065c99902402ee32746\lwjgl-stb-3.3.3.jar because it was already located earlier
[10Jan2026 14:48:53.782] [main/DEBUG] [net.neoforged.fml.loading.moddiscovery.ModDiscoverer/]: Skipping C:\Users\meixn\.mcreator\gradle\caches\modules-2\files-2.1\org.lwjgl\lwjgl-stb\3.3.3\1d9facdf6541de114b0f963be33505b7679c78cb\lwjgl-stb-3.3.3-natives-windows.jar because it was already located earlier
[10Jan2026 14:48:53.796] [main/DEBUG] [net.neoforged.fml.loading.moddiscovery.ModDiscoverer/]: Skipping C:\Users\meixn\.mcreator\gradle\caches\modules-2\files-2.1\org.lwjgl\lwjgl-tinyfd\3.3.3\82d755ca94b102e9ca77283b9e2dc46d1b15fbe5\lwjgl-tinyfd-3.3.3.jar because it was already located earlier
[10Jan2026 14:48:53.796] [main/DEBUG] [net.neoforged.fml.loading.moddiscovery.ModDiscoverer/]: Skipping C:\Users\meixn\.mcreator\gradle\caches\modules-2\files-2.1\org.lwjgl\lwjgl-tinyfd\3.3.3\a6697981b0449a5087c1d546fc08b4f73e8f98c9\lwjgl-tinyfd-3.3.3-natives-windows.jar because it was already located earlier
[10Jan2026 14:48:53.809] [main/DEBUG] [net.neoforged.fml.loading.moddiscovery.ModDiscoverer/]: Skipping C:\Users\meixn\.mcreator\gradle\caches\modules-2\files-2.1\org.lwjgl\lwjgl\3.3.3\29589b5f87ed335a6c7e7ee6a5775f81f97ecb84\lwjgl-3.3.3.jar because it was already located earlier
[10Jan2026 14:48:53.823] [main/DEBUG] [net.neoforged.fml.loading.moddiscovery.ModDiscoverer/]: Skipping C:\Users\meixn\.mcreator\gradle\caches\modules-2\files-2.1\org.lwjgl\lwjgl\3.3.3\9e670718e050aeaeea0c2d5b907cffb142f2e58f\lwjgl-3.3.3-natives-windows-x86.jar because it was already located earlier
[10Jan2026 14:48:53.824] [main/DEBUG] [net.neoforged.fml.loading.moddiscovery.ModDiscoverer/]: Skipping C:\Users\meixn\.mcreator\gradle\caches\modules-2\files-2.1\org.lz4\lz4-java\1.8.0\4b986a99445e49ea5fbf5d149c4b63f6ed6c6780\lz4-java-1.8.0.jar because it was already located earlier
[10Jan2026 14:48:53.824] [main/DEBUG] [net.neoforged.fml.loading.moddiscovery.ModDiscoverer/]: Skipping C:\Users\meixn\.mcreator\gradle\caches\modules-2\files-2.1\org.jline\jline-terminal\3.20.0\d0ddcc708ddf527a3454c941b7b9225cc83a15ff\jline-terminal-3.20.0.jar because it was already located earlier
[10Jan2026 14:48:53.824] [main/DEBUG] [net.neoforged.fml.loading.moddiscovery.ModDiscoverer/]: Skipping C:\Users\meixn\.mcreator\gradle\caches\modules-2\files-2.1\com.google.errorprone\error_prone_annotations\2.28.0\59fc00087ce372de42e394d2c789295dff2d19f0\error_prone_annotations-2.28.0.jar because it was already located earlier
[10Jan2026 14:48:53.828] [main/DEBUG] [net.neoforged.fml.loading.moddiscovery.ModDiscoverer/]: Skipping C:\Users\meixn\.mcreator\gradle\caches\modules-2\files-2.1\com.google.guava\listenablefuture\9999.0-empty-to-avoid-conflict-with-guava\b421526c5f297295adef1c886e5246c39d4ac629\listenablefuture-9999.0-empty-to-avoid-conflict-with-guava.jar because it was already located earlier
[10Jan2026 14:48:53.831] [main/DEBUG] [net.neoforged.fml.loading.moddiscovery.ModDiscoverer/]: Skipping C:\Users\meixn\.mcreator\gradle\caches\modules-2\files-2.1\com.google.code.findbugs\jsr305\3.0.2\25ea2e8b0c338a877313bd4672d3fe056ea78f0d\jsr305-3.0.2.jar because it was already located earlier
[10Jan2026 14:48:53.831] [main/DEBUG] [net.neoforged.fml.loading.moddiscovery.ModDiscoverer/]: Skipping C:\Users\meixn\.mcreator\gradle\caches\modules-2\files-2.1\org.checkerframework\checker-qual\3.43.0\9425eee39e56b116d2b998b7c2cebcbd11a3c98b\checker-qual-3.43.0.jar because it was already located earlier
[10Jan2026 14:48:53.831] [main/DEBUG] [net.neoforged.fml.loading.moddiscovery.ModDiscoverer/]: Skipping C:\Users\meixn\.mcreator\gradle\caches\modules-2\files-2.1\com.google.j2objc\j2objc-annotations\3.0.0\7399e65dd7e9ff3404f4535b2f017093bdb134c7\j2objc-annotations-3.0.0.jar because it was already located earlier
[10Jan2026 14:48:53.834] [main/DEBUG] [net.neoforged.fml.loading.UniqueModListBuilder/]: Found 2 mods for first modid neoforge, selecting most recent based on version data
[10Jan2026 14:48:53.835] [main/DEBUG] [net.neoforged.fml.loading.UniqueModListBuilder/]: Selected file neoforge-21.8.31.jar for modid neoforge with version 21.8.31
[10Jan2026 14:48:53.861] [fml-loadingscreen/INFO] [net.neoforged.fml.earlydisplay.render.LoadingScreenRenderer/]: GL info: Intel(R) HD Graphics 520 GL version 3.2.0 - Build 21.20.16.4639, Intel
[10Jan2026 14:48:53.946] [fml-loadingscreen/DEBUG] [net.neoforged.fml.earlydisplay.render.elements.MojangLogoElement/]: Failed to load Mojang logo from assets/minecraft/textures/gui/title/mojangstudios.png
[10Jan2026 14:48:54.066] [main/INFO] [net.neoforged.fml.loading.moddiscovery.locators.JarInJarDependencyLocator/]: Found 2 dependencies adding them to mods collection
[10Jan2026 14:48:54.068] [main/INFO] [net.neoforged.fml.loading.moddiscovery.ModDiscoverer/]: 
     Mod List:
		Name Version (Mod Id)

		Alan Walker Music 1.4.5 (alan_walker_music)
		Minecraft 1.21.8 (minecraft)
		NeoForge 21.8.31 (neoforge)
[10Jan2026 14:48:54.070] [main/DEBUG] [net.neoforged.fml.loading.moddiscovery.ModFileInfo/LOADING]: Found valid mod file neoforge-21.8.31.jar with {minecraft} mods - versions {1.21.8}
[10Jan2026 14:48:54.074] [main/DEBUG] [net.neoforged.fml.loading.moddiscovery.ModFile/LOADING]: Loading mod file C:\Users\meixn\MCreatorWorkspaces\alan_walker_music\build\moddev\artifacts\neoforge-21.8.31.jar with languages [LanguageSpec[languageName=minecraft, acceptedVersions=1]]
[10Jan2026 14:48:54.076] [main/DEBUG] [net.neoforged.fml.loading.moddiscovery.ModFileParser/LOADING]: Considering mod file candidate C:\Users\meixn\MCreatorWorkspaces\alan_walker_music\build\classes\java\main
[10Jan2026 14:48:54.080] [main/DEBUG] [net.neoforged.fml.loading.moddiscovery.ModFileInfo/LOADING]: Found valid mod file main with {alan_walker_music} mods - versions {1.4.5}
[10Jan2026 14:48:54.080] [main/DEBUG] [net.neoforged.fml.loading.moddiscovery.ModFile/LOADING]: Loading mod file C:\Users\meixn\MCreatorWorkspaces\alan_walker_music\build\classes\java\main with languages [LanguageSpec[languageName=javafml, acceptedVersions=[4,)]]
[10Jan2026 14:48:54.081] [main/DEBUG] [net.neoforged.fml.loading.moddiscovery.ModFileParser/LOADING]: Considering mod file candidate C:\Users\meixn\MCreatorWorkspaces\alan_walker_music\build\moddev\artifacts\neoforge-21.8.31.jar
[10Jan2026 14:48:54.084] [main/DEBUG] [net.neoforged.fml.loading.moddiscovery.ModFileInfo/LOADING]: Found valid mod file neoforge-21.8.31.jar with {neoforge} mods - versions {21.8.31}
[10Jan2026 14:48:54.084] [main/DEBUG] [net.neoforged.fml.loading.moddiscovery.ModFile/LOADING]: Loading mod file C:\Users\meixn\MCreatorWorkspaces\alan_walker_music\build\moddev\artifacts\neoforge-21.8.31.jar with languages [LanguageSpec[languageName=javafml, acceptedVersions=[3,]]]
[10Jan2026 14:48:54.085] [main/DEBUG] [net.neoforged.fml.loading.moddiscovery.ModFile/LOADING]: Found mixin config MixinConfig[config=neoforge.mixins.json, requiredMods=[]]
[10Jan2026 14:48:54.087] [main/DEBUG] [net.neoforged.fml.loading.moddiscovery.ModFile/LOADING]: Loading mod file  with languages []
[10Jan2026 14:48:54.089] [main/DEBUG] [cpw.mods.modlauncher.TransformationServiceDecorator/MODLAUNCHER]: End scan trigger - transformation service fml
[10Jan2026 14:48:54.111] [main/DEBUG] [net.neoforged.fml.util.ServiceLoaderUtil/CORE]: Found 2 implementations of IModLanguageLoader:
[10Jan2026 14:48:54.112] [main/DEBUG] [net.neoforged.fml.util.ServiceLoaderUtil/CORE]: 	net.neoforged.fml.javafmlmod.FMLJavaModLanguageProvider from loader-9.0.16.jar
[10Jan2026 14:48:54.114] [main/DEBUG] [net.neoforged.fml.util.ServiceLoaderUtil/CORE]: 	net.neoforged.fml.mclanguageprovider.MinecraftModLanguageProvider from loader-9.0.16.jar
[10Jan2026 14:48:54.114] [main/DEBUG] [net.neoforged.fml.loading.LanguageProviderLoader/CORE]: Found language provider javafml, version 9.0.16
[10Jan2026 14:48:54.115] [main/DEBUG] [net.neoforged.fml.loading.LanguageProviderLoader/CORE]: Found language provider minecraft, version 9.0.16
[10Jan2026 14:48:54.127] [main/DEBUG] [net.neoforged.fml.loading.ModSorter/]: Configured system mods: [minecraft, neoforge]
[10Jan2026 14:48:54.128] [main/DEBUG] [net.neoforged.fml.loading.ModSorter/]: Found system mod: minecraft
[10Jan2026 14:48:54.128] [main/DEBUG] [net.neoforged.fml.loading.ModSorter/]: Found system mod: neoforge
[10Jan2026 14:48:54.132] [main/DEBUG] [net.neoforged.fml.loading.ModSorter/LOADING]: Found 2 mod requirements (2 mandatory, 0 optional)
[10Jan2026 14:48:54.133] [main/DEBUG] [net.neoforged.fml.loading.ModSorter/LOADING]: Found 0 mod requirements missing (0 mandatory, 0 optional)
[10Jan2026 14:48:54.271] [main/DEBUG] [mixin/]: Adding mixin platform agents for container net.neoforged.fml.loading.mixin.FMLMixinContainerHandle@5246a3b3
[10Jan2026 14:48:54.272] [main/DEBUG] [mixin/]: Instancing new MixinPlatformAgentMinecraftForge for net.neoforged.fml.loading.mixin.FMLMixinContainerHandle@5246a3b3
[10Jan2026 14:48:54.272] [main/DEBUG] [mixin/]: MixinPlatformAgentMinecraftForge rejected container net.neoforged.fml.loading.mixin.FMLMixinContainerHandle@5246a3b3
[10Jan2026 14:48:54.272] [main/DEBUG] [mixin/]: Instancing new MixinPlatformAgentDefault for net.neoforged.fml.loading.mixin.FMLMixinContainerHandle@5246a3b3
[10Jan2026 14:48:54.272] [main/DEBUG] [mixin/]: MixinPlatformAgentDefault accepted container net.neoforged.fml.loading.mixin.FMLMixinContainerHandle@5246a3b3
[10Jan2026 14:48:54.273] [main/DEBUG] [mixin/]: Instancing new FMLMixinPlatformAgent for net.neoforged.fml.loading.mixin.FMLMixinContainerHandle@5246a3b3
[10Jan2026 14:48:54.273] [main/DEBUG] [mixin/]: FMLMixinPlatformAgent accepted container net.neoforged.fml.loading.mixin.FMLMixinContainerHandle@5246a3b3
[10Jan2026 14:48:54.285] [main/DEBUG] [cpw.mods.modlauncher.TransformationServicesHandler/MODLAUNCHER]: Transformation services loading transformers
[10Jan2026 14:48:54.288] [main/DEBUG] [cpw.mods.modlauncher.TransformationServiceDecorator/MODLAUNCHER]: Initializing transformers for transformation service mixin
[10Jan2026 14:48:54.294] [main/DEBUG] [cpw.mods.modlauncher.TransformationServiceDecorator/MODLAUNCHER]: Initialized transformers for transformation service mixin
[10Jan2026 14:48:54.295] [main/DEBUG] [cpw.mods.modlauncher.TransformationServiceDecorator/MODLAUNCHER]: Initializing transformers for transformation service fml
[10Jan2026 14:48:54.295] [main/DEBUG] [net.neoforged.fml.loading.FMLServiceProvider/LOADING]: Loading coremod transformers
[10Jan2026 14:48:54.301] [main/DEBUG] [net.neoforged.fml.util.ServiceLoaderUtil/CORE]: Found 1 implementations of ICoreMod:
[10Jan2026 14:48:54.304] [main/DEBUG] [net.neoforged.fml.util.ServiceLoaderUtil/CORE]: 	net.neoforged.neoforge.coremods.NeoForgeCoreMod from neoforge-21.8.31.jar > net.neoforged.neoforge-coremods-21.8.31.jar
[10Jan2026 14:48:54.345] [main/DEBUG] [net.neoforged.fml.loading.FMLServiceProvider/CORE]: Adding [Target[className=net.minecraft.world.level.biome.Biome, elementName=, elementDescriptor=, targetType=cpw.mods.modlauncher.api.TargetType@239b0f9d]] transformer from core-mod net.neoforged.neoforge.coremods.NeoForgeCoreMod@f2ce6b in neoforge-21.8.31.jar > net.neoforged.neoforge-coremods-21.8.31.jar
[10Jan2026 14:48:54.345] [main/DEBUG] [net.neoforged.fml.loading.FMLServiceProvider/CORE]: Adding [Target[className=net.minecraft.world.level.levelgen.structure.Structure, elementName=, elementDescriptor=, targetType=cpw.mods.modlauncher.api.TargetType@239b0f9d]] transformer from core-mod net.neoforged.neoforge.coremods.NeoForgeCoreMod@f2ce6b in neoforge-21.8.31.jar > net.neoforged.neoforge-coremods-21.8.31.jar
[10Jan2026 14:48:54.346] [main/DEBUG] [net.neoforged.fml.loading.FMLServiceProvider/CORE]: Adding [Target[className=net.minecraft.world.level.block.FlowerPotBlock, elementName=, elementDescriptor=, targetType=cpw.mods.modlauncher.api.TargetType@239b0f9d]] transformer from core-mod net.neoforged.neoforge.coremods.NeoForgeCoreMod@f2ce6b in neoforge-21.8.31.jar > net.neoforged.neoforge-coremods-21.8.31.jar
[10Jan2026 14:48:54.346] [main/DEBUG] [net.neoforged.fml.loading.FMLServiceProvider/CORE]: Adding [Target[className=net/minecraft/world/entity/monster/ZombieVillager, elementName=, elementDescriptor=, targetType=cpw.mods.modlauncher.api.TargetType@239b0f9d], Target[className=net/minecraft/world/level/levelgen/PatrolSpawner, elementName=, elementDescriptor=, targetType=cpw.mods.modlauncher.api.TargetType@239b0f9d], Target[className=net/minecraft/world/entity/ai/village/VillageSiege, elementName=, elementDescriptor=, targetType=cpw.mods.modlauncher.api.TargetType@239b0f9d], Target[className=net/minecraft/server/commands/RaidCommand, elementName=, elementDescriptor=, targetType=cpw.mods.modlauncher.api.TargetType@239b0f9d], Target[className=net/minecraft/world/entity/animal/frog/Tadpole, elementName=, elementDescriptor=, targetType=cpw.mods.modlauncher.api.TargetType@239b0f9d], Target[className=net/minecraft/world/entity/monster/Evoker$EvokerSummonSpellGoal, elementName=, elementDescriptor=, targetType=cpw.mods.modlauncher.api.TargetType@239b0f9d], Target[className=net/minecraft/world/level/levelgen/PhantomSpawner, elementName=, elementDescriptor=, targetType=cpw.mods.modlauncher.api.TargetType@239b0f9d], Target[className=net/minecraft/world/level/levelgen/structure/structures/SwampHutPiece, elementName=, elementDescriptor=, targetType=cpw.mods.modlauncher.api.TargetType@239b0f9d], Target[className=net/minecraft/world/entity/npc/Villager, elementName=, elementDescriptor=, targetType=cpw.mods.modlauncher.api.TargetType@239b0f9d], Target[className=net/minecraft/world/level/levelgen/structure/structures/OceanRuinPieces$OceanRuinPiece, elementName=, elementDescriptor=, targetType=cpw.mods.modlauncher.api.TargetType@239b0f9d], Target[className=net/minecraft/world/entity/monster/Spider, elementName=, elementDescriptor=, targetType=cpw.mods.modlauncher.api.TargetType@239b0f9d], Target[className=net/minecraft/world/level/levelgen/structure/templatesystem/StructureTemplate, elementName=, elementDescriptor=, targetType=cpw.mods.modlauncher.api.TargetType@239b0f9d], Target[className=net/minecraft/world/entity/animal/horse/SkeletonTrapGoal, elementName=, elementDescriptor=, targetType=cpw.mods.modlauncher.api.TargetType@239b0f9d], Target[className=net/minecraft/world/entity/npc/CatSpawner, elementName=, elementDescriptor=, targetType=cpw.mods.modlauncher.api.TargetType@239b0f9d], Target[className=net/minecraft/world/entity/EntityType, elementName=, elementDescriptor=, targetType=cpw.mods.modlauncher.api.TargetType@239b0f9d], Target[className=net/minecraft/world/entity/monster/Strider, elementName=, elementDescriptor=, targetType=cpw.mods.modlauncher.api.TargetType@239b0f9d], Target[className=net/minecraft/server/commands/SummonCommand, elementName=, elementDescriptor=, targetType=cpw.mods.modlauncher.api.TargetType@239b0f9d], Target[className=net/minecraft/world/level/levelgen/structure/structures/OceanMonumentPieces$OceanMonumentPiece, elementName=, elementDescriptor=, targetType=cpw.mods.modlauncher.api.TargetType@239b0f9d], Target[className=net/minecraft/world/level/levelgen/structure/structures/WoodlandMansionPieces$WoodlandMansionPiece, elementName=, elementDescriptor=, targetType=cpw.mods.modlauncher.api.TargetType@239b0f9d], Target[className=net/minecraft/world/entity/monster/Zombie, elementName=, elementDescriptor=, targetType=cpw.mods.modlauncher.api.TargetType@239b0f9d], Target[className=net/minecraft/world/entity/raid/Raid, elementName=, elementDescriptor=, targetType=cpw.mods.modlauncher.api.TargetType@239b0f9d], Target[className=net/minecraft/world/level/NaturalSpawner, elementName=, elementDescriptor=, targetType=cpw.mods.modlauncher.api.TargetType@239b0f9d]] transformer from core-mod net.neoforged.neoforge.coremods.NeoForgeCoreMod@f2ce6b in neoforge-21.8.31.jar > net.neoforged.neoforge-coremods-21.8.31.jar
[10Jan2026 14:48:54.401] [main/DEBUG] [cpw.mods.modlauncher.TransformStore/MODLAUNCHER]: Adding transformer net.neoforged.neoforge.coremods.ReplaceFieldWithGetterAccess@67c119b7 to Target : cpw.mods.modlauncher.api.TargetType@239b0f9d {Lnet/minecraft/world/level/biome/Biome;} {} {V}
[10Jan2026 14:48:54.403] [main/DEBUG] [cpw.mods.modlauncher.TransformStore/MODLAUNCHER]: Adding transformer net.neoforged.neoforge.coremods.ReplaceFieldWithGetterAccess@1d61c6dc to Target : cpw.mods.modlauncher.api.TargetType@239b0f9d {Lnet/minecraft/world/level/levelgen/structure/Structure;} {} {V}
[10Jan2026 14:48:54.403] [main/DEBUG] [cpw.mods.modlauncher.TransformStore/MODLAUNCHER]: Adding transformer net.neoforged.neoforge.coremods.ReplaceFieldWithGetterAccess@53c68ce to Target : cpw.mods.modlauncher.api.TargetType@239b0f9d {Lnet/minecraft/world/level/block/FlowerPotBlock;} {} {V}
[10Jan2026 14:48:54.404] [main/DEBUG] [cpw.mods.modlauncher.TransformStore/MODLAUNCHER]: Adding transformer net.neoforged.neoforge.coremods.MethodRedirector@6f9ad11c to Target : cpw.mods.modlauncher.api.TargetType@239b0f9d {Lnet/minecraft/world/entity/monster/ZombieVillager;} {} {V}
[10Jan2026 14:48:54.404] [main/DEBUG] [cpw.mods.modlauncher.TransformStore/MODLAUNCHER]: Adding transformer net.neoforged.neoforge.coremods.MethodRedirector@6f9ad11c to Target : cpw.mods.modlauncher.api.TargetType@239b0f9d {Lnet/minecraft/world/level/levelgen/PatrolSpawner;} {} {V}
[10Jan2026 14:48:54.404] [main/DEBUG] [cpw.mods.modlauncher.TransformStore/MODLAUNCHER]: Adding transformer net.neoforged.neoforge.coremods.MethodRedirector@6f9ad11c to Target : cpw.mods.modlauncher.api.TargetType@239b0f9d {Lnet/minecraft/world/entity/ai/village/VillageSiege;} {} {V}
[10Jan2026 14:48:54.405] [main/DEBUG] [cpw.mods.modlauncher.TransformStore/MODLAUNCHER]: Adding transformer net.neoforged.neoforge.coremods.MethodRedirector@6f9ad11c to Target : cpw.mods.modlauncher.api.TargetType@239b0f9d {Lnet/minecraft/server/commands/RaidCommand;} {} {V}
[10Jan2026 14:48:54.405] [main/DEBUG] [cpw.mods.modlauncher.TransformStore/MODLAUNCHER]: Adding transformer net.neoforged.neoforge.coremods.MethodRedirector@6f9ad11c to Target : cpw.mods.modlauncher.api.TargetType@239b0f9d {Lnet/minecraft/world/entity/animal/frog/Tadpole;} {} {V}
[10Jan2026 14:48:54.405] [main/DEBUG] [cpw.mods.modlauncher.TransformStore/MODLAUNCHER]: Adding transformer net.neoforged.neoforge.coremods.MethodRedirector@6f9ad11c to Target : cpw.mods.modlauncher.api.TargetType@239b0f9d {Lnet/minecraft/world/entity/monster/Evoker$EvokerSummonSpellGoal;} {} {V}
[10Jan2026 14:48:54.405] [main/DEBUG] [cpw.mods.modlauncher.TransformStore/MODLAUNCHER]: Adding transformer net.neoforged.neoforge.coremods.MethodRedirector@6f9ad11c to Target : cpw.mods.modlauncher.api.TargetType@239b0f9d {Lnet/minecraft/world/level/levelgen/PhantomSpawner;} {} {V}
[10Jan2026 14:48:54.405] [main/DEBUG] [cpw.mods.modlauncher.TransformStore/MODLAUNCHER]: Adding transformer net.neoforged.neoforge.coremods.MethodRedirector@6f9ad11c to Target : cpw.mods.modlauncher.api.TargetType@239b0f9d {Lnet/minecraft/world/level/levelgen/structure/structures/SwampHutPiece;} {} {V}
[10Jan2026 14:48:54.406] [main/DEBUG] [cpw.mods.modlauncher.TransformStore/MODLAUNCHER]: Adding transformer net.neoforged.neoforge.coremods.MethodRedirector@6f9ad11c to Target : cpw.mods.modlauncher.api.TargetType@239b0f9d {Lnet/minecraft/world/entity/npc/Villager;} {} {V}
[10Jan2026 14:48:54.406] [main/DEBUG] [cpw.mods.modlauncher.TransformStore/MODLAUNCHER]: Adding transformer net.neoforged.neoforge.coremods.MethodRedirector@6f9ad11c to Target : cpw.mods.modlauncher.api.TargetType@239b0f9d {Lnet/minecraft/world/level/levelgen/structure/structures/OceanRuinPieces$OceanRuinPiece;} {} {V}
[10Jan2026 14:48:54.406] [main/DEBUG] [cpw.mods.modlauncher.TransformStore/MODLAUNCHER]: Adding transformer net.neoforged.neoforge.coremods.MethodRedirector@6f9ad11c to Target : cpw.mods.modlauncher.api.TargetType@239b0f9d {Lnet/minecraft/world/entity/monster/Spider;} {} {V}
[10Jan2026 14:48:54.406] [main/DEBUG] [cpw.mods.modlauncher.TransformStore/MODLAUNCHER]: Adding transformer net.neoforged.neoforge.coremods.MethodRedirector@6f9ad11c to Target : cpw.mods.modlauncher.api.TargetType@239b0f9d {Lnet/minecraft/world/level/levelgen/structure/templatesystem/StructureTemplate;} {} {V}
[10Jan2026 14:48:54.407] [main/DEBUG] [cpw.mods.modlauncher.TransformStore/MODLAUNCHER]: Adding transformer net.neoforged.neoforge.coremods.MethodRedirector@6f9ad11c to Target : cpw.mods.modlauncher.api.TargetType@239b0f9d {Lnet/minecraft/world/entity/animal/horse/SkeletonTrapGoal;} {} {V}
[10Jan2026 14:48:54.407] [main/DEBUG] [cpw.mods.modlauncher.TransformStore/MODLAUNCHER]: Adding transformer net.neoforged.neoforge.coremods.MethodRedirector@6f9ad11c to Target : cpw.mods.modlauncher.api.TargetType@239b0f9d {Lnet/minecraft/world/entity/npc/CatSpawner;} {} {V}
[10Jan2026 14:48:54.429] [main/DEBUG] [cpw.mods.modlauncher.TransformStore/MODLAUNCHER]: Adding transformer net.neoforged.neoforge.coremods.MethodRedirector@6f9ad11c to Target : cpw.mods.modlauncher.api.TargetType@239b0f9d {Lnet/minecraft/world/entity/EntityType;} {} {V}
[10Jan2026 14:48:54.429] [main/DEBUG] [cpw.mods.modlauncher.TransformStore/MODLAUNCHER]: Adding transformer net.neoforged.neoforge.coremods.MethodRedirector@6f9ad11c to Target : cpw.mods.modlauncher.api.TargetType@239b0f9d {Lnet/minecraft/world/entity/monster/Strider;} {} {V}
[10Jan2026 14:48:54.429] [main/DEBUG] [cpw.mods.modlauncher.TransformStore/MODLAUNCHER]: Adding transformer net.neoforged.neoforge.coremods.MethodRedirector@6f9ad11c to Target : cpw.mods.modlauncher.api.TargetType@239b0f9d {Lnet/minecraft/server/commands/SummonCommand;} {} {V}
[10Jan2026 14:48:54.430] [main/DEBUG] [cpw.mods.modlauncher.TransformStore/MODLAUNCHER]: Adding transformer net.neoforged.neoforge.coremods.MethodRedirector@6f9ad11c to Target : cpw.mods.modlauncher.api.TargetType@239b0f9d {Lnet/minecraft/world/level/levelgen/structure/structures/OceanMonumentPieces$OceanMonumentPiece;} {} {V}
[10Jan2026 14:48:54.430] [main/DEBUG] [cpw.mods.modlauncher.TransformStore/MODLAUNCHER]: Adding transformer net.neoforged.neoforge.coremods.MethodRedirector@6f9ad11c to Target : cpw.mods.modlauncher.api.TargetType@239b0f9d {Lnet/minecraft/world/level/levelgen/structure/structures/WoodlandMansionPieces$WoodlandMansionPiece;} {} {V}
[10Jan2026 14:48:54.430] [main/DEBUG] [cpw.mods.modlauncher.TransformStore/MODLAUNCHER]: Adding transformer net.neoforged.neoforge.coremods.MethodRedirector@6f9ad11c to Target : cpw.mods.modlauncher.api.TargetType@239b0f9d {Lnet/minecraft/world/entity/monster/Zombie;} {} {V}
[10Jan2026 14:48:54.430] [main/DEBUG] [cpw.mods.modlauncher.TransformStore/MODLAUNCHER]: Adding transformer net.neoforged.neoforge.coremods.MethodRedirector@6f9ad11c to Target : cpw.mods.modlauncher.api.TargetType@239b0f9d {Lnet/minecraft/world/entity/raid/Raid;} {} {V}
[10Jan2026 14:48:54.430] [main/DEBUG] [cpw.mods.modlauncher.TransformStore/MODLAUNCHER]: Adding transformer net.neoforged.neoforge.coremods.MethodRedirector@6f9ad11c to Target : cpw.mods.modlauncher.api.TargetType@239b0f9d {Lnet/minecraft/world/level/NaturalSpawner;} {} {V}
[10Jan2026 14:48:54.431] [main/DEBUG] [cpw.mods.modlauncher.TransformationServiceDecorator/MODLAUNCHER]: Initialized transformers for transformation service fml
[10Jan2026 14:48:56.269] [main/DEBUG] [mixin/]: Processing prepare() for PlatformAgent[MixinPlatformAgentDefault:ModLauncher Root Container(ModLauncher:4f56a0a2)]
[10Jan2026 14:48:56.270] [main/DEBUG] [mixin/]: Processing prepare() for PlatformAgent[MixinPlatformAgentDefault:net.neoforged.fml.loading.mixin.FMLMixinContainerHandle@5246a3b3]
[10Jan2026 14:48:56.270] [main/DEBUG] [mixin/]: Processing prepare() for PlatformAgent[FMLMixinPlatformAgent:null]
[10Jan2026 14:48:56.381] [main/DEBUG] [mixin/]: Processing launch tasks for PlatformAgent[MixinPlatformAgentDefault:ModLauncher Root Container(ModLauncher:4f56a0a2)]
[10Jan2026 14:48:56.381] [main/DEBUG] [mixin/]: Adding mixin platform agents for container SecureJarResource(mixin_synthetic)
[10Jan2026 14:48:56.381] [main/DEBUG] [mixin/]: Instancing new MixinPlatformAgentMinecraftForge for SecureJarResource(mixin_synthetic)
[10Jan2026 14:48:56.382] [main/DEBUG] [mixin/]: MixinPlatformAgentMinecraftForge rejected container SecureJarResource(mixin_synthetic)
[10Jan2026 14:48:56.382] [main/DEBUG] [mixin/]: Instancing new MixinPlatformAgentDefault for SecureJarResource(mixin_synthetic)
[10Jan2026 14:48:56.382] [main/DEBUG] [mixin/]: MixinPlatformAgentDefault accepted container SecureJarResource(mixin_synthetic)
[10Jan2026 14:48:56.382] [main/DEBUG] [mixin/]: Instancing new FMLMixinPlatformAgent for SecureJarResource(mixin_synthetic)
[10Jan2026 14:48:56.382] [main/DEBUG] [mixin/]: FMLMixinPlatformAgent rejected container SecureJarResource(mixin_synthetic)
[10Jan2026 14:48:56.383] [main/DEBUG] [mixin/]: Processing prepare() for PlatformAgent[MixinPlatformAgentDefault:SecureJarResource(mixin_synthetic)]
[10Jan2026 14:48:56.383] [main/DEBUG] [mixin/]: Adding mixin platform agents for container SecureJarResource(minecraft)
[10Jan2026 14:48:56.383] [main/DEBUG] [mixin/]: Instancing new MixinPlatformAgentMinecraftForge for SecureJarResource(minecraft)
[10Jan2026 14:48:56.384] [main/DEBUG] [mixin/]: MixinPlatformAgentMinecraftForge rejected container SecureJarResource(minecraft)
[10Jan2026 14:48:56.384] [main/DEBUG] [mixin/]: Instancing new MixinPlatformAgentDefault for SecureJarResource(minecraft)
[10Jan2026 14:48:56.384] [main/DEBUG] [mixin/]: MixinPlatformAgentDefault accepted container SecureJarResource(minecraft)
[10Jan2026 14:48:56.384] [main/DEBUG] [mixin/]: Instancing new FMLMixinPlatformAgent for SecureJarResource(minecraft)
[10Jan2026 14:48:56.384] [main/DEBUG] [mixin/]: FMLMixinPlatformAgent rejected container SecureJarResource(minecraft)
[10Jan2026 14:48:56.385] [main/DEBUG] [mixin/]: Processing prepare() for PlatformAgent[MixinPlatformAgentDefault:SecureJarResource(minecraft)]
[10Jan2026 14:48:56.385] [main/DEBUG] [mixin/]: Adding mixin platform agents for container SecureJarResource(alan_walker_music)
[10Jan2026 14:48:56.385] [main/DEBUG] [mixin/]: Instancing new MixinPlatformAgentMinecraftForge for SecureJarResource(alan_walker_music)
[10Jan2026 14:48:56.385] [main/DEBUG] [mixin/]: MixinPlatformAgentMinecraftForge rejected container SecureJarResource(alan_walker_music)
[10Jan2026 14:48:56.385] [main/DEBUG] [mixin/]: Instancing new MixinPlatformAgentDefault for SecureJarResource(alan_walker_music)
[10Jan2026 14:48:56.385] [main/DEBUG] [mixin/]: MixinPlatformAgentDefault accepted container SecureJarResource(alan_walker_music)
[10Jan2026 14:48:56.385] [main/DEBUG] [mixin/]: Instancing new FMLMixinPlatformAgent for SecureJarResource(alan_walker_music)
[10Jan2026 14:48:56.386] [main/DEBUG] [mixin/]: FMLMixinPlatformAgent rejected container SecureJarResource(alan_walker_music)
[10Jan2026 14:48:56.386] [main/DEBUG] [mixin/]: Processing prepare() for PlatformAgent[MixinPlatformAgentDefault:SecureJarResource(alan_walker_music)]
[10Jan2026 14:48:56.386] [main/DEBUG] [mixin/]: Adding mixin platform agents for container SecureJarResource(mixinextras.neoforge)
[10Jan2026 14:48:56.386] [main/DEBUG] [mixin/]: Instancing new MixinPlatformAgentMinecraftForge for SecureJarResource(mixinextras.neoforge)
[10Jan2026 14:48:56.386] [main/DEBUG] [mixin/]: MixinPlatformAgentMinecraftForge rejected container SecureJarResource(mixinextras.neoforge)
[10Jan2026 14:48:56.387] [main/DEBUG] [mixin/]: Instancing new MixinPlatformAgentDefault for SecureJarResource(mixinextras.neoforge)
[10Jan2026 14:48:56.387] [main/DEBUG] [mixin/]: MixinPlatformAgentDefault accepted container SecureJarResource(mixinextras.neoforge)
[10Jan2026 14:48:56.387] [main/DEBUG] [mixin/]: Instancing new FMLMixinPlatformAgent for SecureJarResource(mixinextras.neoforge)
[10Jan2026 14:48:56.387] [main/DEBUG] [mixin/]: FMLMixinPlatformAgent rejected container SecureJarResource(mixinextras.neoforge)
[10Jan2026 14:48:56.387] [main/DEBUG] [mixin/]: Processing prepare() for PlatformAgent[MixinPlatformAgentDefault:SecureJarResource(mixinextras.neoforge)]
[10Jan2026 14:48:56.388] [main/DEBUG] [mixin/]: Registering mixin config: mixinextras.init.mixins.json source=SecureJarResource(mixinextras.neoforge)
[10Jan2026 14:48:56.391] [main/DEBUG] [mixin/]: inject() running with 6 agents
[10Jan2026 14:48:56.391] [main/DEBUG] [mixin/]: Processing inject() for PlatformAgent[MixinPlatformAgentDefault:ModLauncher Root Container(ModLauncher:4f56a0a2)]
[10Jan2026 14:48:56.400] [main/DEBUG] [mixin/]: Processing inject() for PlatformAgent[MixinPlatformAgentDefault:net.neoforged.fml.loading.mixin.FMLMixinContainerHandle@5246a3b3]
[10Jan2026 14:48:56.400] [main/DEBUG] [mixin/]: Processing inject() for PlatformAgent[FMLMixinPlatformAgent:null]
[10Jan2026 14:48:56.400] [main/DEBUG] [mixin/]: Processing inject() for PlatformAgent[MixinPlatformAgentDefault:SecureJarResource(mixin_synthetic)]
[10Jan2026 14:48:56.401] [main/DEBUG] [mixin/]: Processing inject() for PlatformAgent[MixinPlatformAgentDefault:SecureJarResource(minecraft)]
[10Jan2026 14:48:56.401] [main/DEBUG] [mixin/]: Processing inject() for PlatformAgent[MixinPlatformAgentDefault:SecureJarResource(alan_walker_music)]
[10Jan2026 14:48:56.401] [main/DEBUG] [mixin/]: Processing inject() for PlatformAgent[MixinPlatformAgentDefault:SecureJarResource(mixinextras.neoforge)]
[10Jan2026 14:48:56.401] [main/INFO] [cpw.mods.modlauncher.LaunchServiceHandler/MODLAUNCHER]: Launching target 'neoforgeclientdev' with arguments [--version, 21.8.31, --assetsDir, C:\Users\meixn\.mcreator\gradle\caches\neoformruntime\assets, --assetIndex, 26]
[10Jan2026 14:48:56.517] [main/DEBUG] [mixin/]: Preparing mixins for MixinEnvironment[DEFAULT]
[10Jan2026 14:48:56.518] [main/DEBUG] [mixin/]: Selecting config neoforge.mixins.json
[10Jan2026 14:48:56.526] [main/DEBUG] [mixin/]: Selecting config mixinextras.init.mixins.json
[10Jan2026 14:48:56.656] [main/DEBUG] [MixinExtras|Service/]: com.llamalad7.mixinextras.service.MixinExtrasServiceImpl(version=0.5.0) is taking over from null
[10Jan2026 14:48:56.716] [main/DEBUG] [mixin/]: Registering new injector for @Inject with org.spongepowered.asm.mixin.injection.struct.CallbackInjectionInfo
[10Jan2026 14:48:56.719] [main/DEBUG] [mixin/]: Registering new injector for @ModifyArg with org.spongepowered.asm.mixin.injection.struct.ModifyArgInjectionInfo
[10Jan2026 14:48:56.720] [main/DEBUG] [mixin/]: Registering new injector for @ModifyArgs with org.spongepowered.asm.mixin.injection.struct.ModifyArgsInjectionInfo
[10Jan2026 14:48:56.729] [main/DEBUG] [mixin/]: Registering new injector for @Redirect with org.spongepowered.asm.mixin.injection.struct.RedirectInjectionInfo
[10Jan2026 14:48:56.731] [main/DEBUG] [mixin/]: Registering new injector for @ModifyVariable with org.spongepowered.asm.mixin.injection.struct.ModifyVariableInjectionInfo
[10Jan2026 14:48:56.734] [main/DEBUG] [mixin/]: Registering new injector for @ModifyConstant with org.spongepowered.asm.mixin.injection.struct.ModifyConstantInjectionInfo
[10Jan2026 14:48:56.763] [main/DEBUG] [mixin/]: Preparing neoforge.mixins.json (2)
[10Jan2026 14:48:56.885] [main/DEBUG] [mixin/]: Preparing mixinextras.init.mixins.json (0)
[10Jan2026 14:48:56.895] [main/DEBUG] [mixin/]: Prepared 2 mixins in 0,375 sec (187,5ms avg) (0ms load, 0ms transform, 0ms plugin)
[10Jan2026 14:48:57.273] [main/DEBUG] [io.netty.util.internal.logging.InternalLoggerFactory/]: Using SLF4J as the default logging framework
[10Jan2026 14:48:57.277] [main/DEBUG] [io.netty.util.ResourceLeakDetector/]: -Dio.netty.leakDetection.level: simple
[10Jan2026 14:48:57.277] [main/DEBUG] [io.netty.util.ResourceLeakDetector/]: -Dio.netty.leakDetection.targetRecords: 4
[10Jan2026 14:48:59.713] [main/DEBUG] [oshi.util.FileUtil/]: No oshi.properties file found from ClassLoader cpw.mods.modlauncher.TransformingClassLoader@4ba380c7
[10Jan2026 14:49:02.652] [Datafixer Bootstrap/INFO] [com.mojang.datafixers.DataFixerBuilder/]: 272 Datafixer optimizations took 3014 milliseconds
[10Jan2026 14:49:02.658] [main/DEBUG] [oshi.util.FileUtil/]: No oshi.architecture.properties file found from ClassLoader cpw.mods.modlauncher.TransformingClassLoader@4ba380c7
[10Jan2026 14:49:02.892] [pool-6-thread-1/INFO] [MixinExtras|Service/]: Initializing MixinExtras via com.llamalad7.mixinextras.service.MixinExtrasServiceImpl(version=0.5.0).
[10Jan2026 14:49:02.894] [pool-6-thread-1/DEBUG] [mixin/]: Registering new injector for @SugarWrapper with com.llamalad7.mixinextras.sugar.impl.SugarWrapperInjectionInfo
[10Jan2026 14:49:02.895] [pool-6-thread-1/DEBUG] [mixin/]: Registering new injector for @FactoryRedirectWrapper with com.llamalad7.mixinextras.wrapper.factory.FactoryRedirectWrapperInjectionInfo
[10Jan2026 14:49:02.896] [pool-6-thread-1/DEBUG] [mixin/]: Registering new injector for @ExpressionInjectorWrapper with com.llamalad7.mixinextras.expression.impl.wrapper.ExpressionInjectorWrapperInjectionInfo
[10Jan2026 14:49:02.921] [pool-6-thread-1/DEBUG] [mixin/]: Mixing MappedRegistryAccessor from neoforge.mixins.json into net.minecraft.core.MappedRegistry
[10Jan2026 14:49:02.929] [pool-6-thread-1/DEBUG] [mixin/]: neoforge.mixins.json:MappedRegistryAccessor from mod neoforge: Class version 65 required is higher than the class version supported by the current version of Mixin (JAVA_16 supports class version 60)
[10Jan2026 14:49:05.805] [pool-6-thread-1/DEBUG] [mixin/]: Mixing BlockEntityTypeAccessor from neoforge.mixins.json into net.minecraft.world.level.block.entity.BlockEntityType
[10Jan2026 14:49:05.807] [pool-6-thread-1/DEBUG] [mixin/]: neoforge.mixins.json:BlockEntityTypeAccessor from mod neoforge: Class version 65 required is higher than the class version supported by the current version of Mixin (JAVA_16 supports class version 60)
[10Jan2026 14:49:09.895] [pool-6-thread-1/DEBUG] [io.netty.util.internal.PlatformDependent0/]: -Dio.netty.noUnsafe: false
[10Jan2026 14:49:09.896] [pool-6-thread-1/DEBUG] [io.netty.util.internal.PlatformDependent0/]: Java version: 21
[10Jan2026 14:49:09.897] [pool-6-thread-1/DEBUG] [io.netty.util.internal.PlatformDependent0/]: sun.misc.Unsafe.theUnsafe: available
[10Jan2026 14:49:09.898] [pool-6-thread-1/DEBUG] [io.netty.util.internal.PlatformDependent0/]: sun.misc.Unsafe base methods: all available
[10Jan2026 14:49:09.899] [pool-6-thread-1/DEBUG] [io.netty.util.internal.PlatformDependent0/]: sun.misc.Unsafe.storeFence: available
[10Jan2026 14:49:09.900] [pool-6-thread-1/DEBUG] [io.netty.util.internal.PlatformDependent0/]: java.nio.Buffer.address: available
[10Jan2026 14:49:09.901] [pool-6-thread-1/DEBUG] [io.netty.util.internal.PlatformDependent0/]: direct buffer constructor: unavailable: Reflective setAccessible(true) disabled
[10Jan2026 14:49:09.902] [pool-6-thread-1/DEBUG] [io.netty.util.internal.PlatformDependent0/]: java.nio.Bits.unaligned: available, true
[10Jan2026 14:49:09.904] [pool-6-thread-1/DEBUG] [io.netty.util.internal.PlatformDependent0/]: jdk.internal.misc.Unsafe.allocateUninitializedArray(int): unavailable: class io.netty.util.internal.PlatformDependent0$7 (in module io.netty.common) cannot access class jdk.internal.misc.Unsafe (in module java.base) because module java.base does not export jdk.internal.misc to module io.netty.common
[10Jan2026 14:49:09.905] [pool-6-thread-1/DEBUG] [io.netty.util.internal.PlatformDependent0/]: java.nio.DirectByteBuffer.<init>(long, {int,long}): unavailable
[10Jan2026 14:49:09.905] [pool-6-thread-1/DEBUG] [io.netty.util.internal.PlatformDependent/]: sun.misc.Unsafe: available
[10Jan2026 14:49:09.906] [pool-6-thread-1/DEBUG] [io.netty.util.internal.PlatformDependent/]: -Dio.netty.tmpdir: C:\Users\meixn\AppData\Local\Temp (java.io.tmpdir)
[10Jan2026 14:49:09.906] [pool-6-thread-1/DEBUG] [io.netty.util.internal.PlatformDependent/]: -Dio.netty.bitMode: 64 (sun.arch.data.model)
[10Jan2026 14:49:09.906] [pool-6-thread-1/DEBUG] [io.netty.util.internal.PlatformDependent/]: Platform: Windows
[10Jan2026 14:49:09.908] [pool-6-thread-1/DEBUG] [io.netty.util.internal.PlatformDependent/]: -Dio.netty.maxDirectMemory: -1 bytes
[10Jan2026 14:49:09.908] [pool-6-thread-1/DEBUG] [io.netty.util.internal.PlatformDependent/]: -Dio.netty.uninitializedArrayAllocationThreshold: -1
[10Jan2026 14:49:09.910] [pool-6-thread-1/DEBUG] [io.netty.util.internal.CleanerJava9/]: java.nio.ByteBuffer.cleaner(): available
[10Jan2026 14:49:09.910] [pool-6-thread-1/DEBUG] [io.netty.util.internal.PlatformDependent/]: -Dio.netty.noPreferDirect: false
[10Jan2026 14:49:17.602] [main/WARN] [net.minecraft.commands.Commands/]: Ambiguity between arguments [teleport, location] and [teleport, destination] with inputs: [0.1 -0.5 .9, 0 0 0]
[10Jan2026 14:49:17.606] [main/WARN] [net.minecraft.commands.Commands/]: Ambiguity between arguments [teleport, location] and [teleport, targets] with inputs: [0.1 -0.5 .9, 0 0 0]
[10Jan2026 14:49:17.626] [main/WARN] [net.minecraft.commands.Commands/]: Ambiguity between arguments [teleport, destination] and [teleport, targets] with inputs: [Player, 0123, @e, dd12be42-52a9-4a91-a8a1-11c01849e498]
[10Jan2026 14:49:17.629] [main/WARN] [net.minecraft.commands.Commands/]: Ambiguity between arguments [teleport, targets] and [teleport, destination] with inputs: [Player, 0123, dd12be42-52a9-4a91-a8a1-11c01849e498]
[10Jan2026 14:49:17.631] [main/WARN] [net.minecraft.commands.Commands/]: Ambiguity between arguments [teleport, targets, location] and [teleport, targets, destination] with inputs: [0.1 -0.5 .9, 0 0 0]
[10Jan2026 14:49:17.637] [main/WARN] [net.minecraft.commands.Commands/]: Ambiguity between arguments [waypoint, modify, waypoint, color, reset] and [waypoint, modify, waypoint, color, color] with inputs: [reset]
[10Jan2026 14:49:17.789] [main/DEBUG] [net.neoforged.fml.ModWorkManager/LOADING]: Using 4 threads for parallel mod-loading
[10Jan2026 14:49:17.812] [main/DEBUG] [net.neoforged.fml.javafmlmod.FMLModContainer/LOADING]: Creating FMLModContainer instance for [net.neoforged.neoforge.common.OnlyInWarningsHandler, net.neoforged.neoforge.common.NeoForgeMod, net.neoforged.neoforge.client.ClientNeoForgeMod]
[10Jan2026 14:49:17.849] [main/DEBUG] [net.neoforged.fml.javafmlmod.FMLModContainer/LOADING]: Creating FMLModContainer instance for [net.florianmeixnerdev.alanwalkermusic.AlanWalkerMusicMod]
[10Jan2026 14:49:18.041] [modloading-worker-0/DEBUG] [net.neoforged.neoforge.internal.versions.neoforge.NeoForgeVersion/CORE]: Found NeoForge version 21.8.31
[10Jan2026 14:49:18.042] [modloading-worker-0/DEBUG] [net.neoforged.neoforge.internal.versions.neoforge.NeoForgeVersion/CORE]: Found FML version 9.0.16
[10Jan2026 14:49:18.042] [modloading-worker-0/INFO] [net.neoforged.neoforge.common.NeoForgeMod/NEOFORGE-MOD]: NeoForge mod loading, version 21.8.31, for MC 1.21.8
[10Jan2026 14:49:18.107] [modloading-worker-0/DEBUG] [net.neoforged.fml.config.ConfigTracker/CONFIG]: Config file neoforge-server.toml for neoforge tracking
[10Jan2026 14:49:18.113] [modloading-worker-0/DEBUG] [net.neoforged.fml.config.ConfigTracker/CONFIG]: Config file neoforge-common.toml for neoforge tracking
[10Jan2026 14:49:18.265] [modloading-worker-0/DEBUG] [net.neoforged.fml.config.ConfigTracker/CONFIG]: Config file neoforge-client.toml for neoforge tracking
[10Jan2026 14:49:18.329] [modloading-worker-0/DEBUG] [net.neoforged.fml.javafmlmod.AutomaticEventSubscriber/LOADING]: Attempting to inject @EventBusSubscriber classes into the eventbus for neoforge
[10Jan2026 14:49:18.334] [modloading-worker-0/DEBUG] [net.neoforged.fml.javafmlmod.AutomaticEventSubscriber/LOADING]: Scanning class net.neoforged.neoforge.network.filters.GenericPacketSplitter for @SubscribeEvent-annotated methods
[10Jan2026 14:49:18.380] [modloading-worker-0/DEBUG] [io.netty.buffer.AbstractByteBuf/]: -Dio.netty.buffer.checkAccessible: true
[10Jan2026 14:49:18.380] [modloading-worker-0/DEBUG] [io.netty.buffer.AbstractByteBuf/]: -Dio.netty.buffer.checkBounds: true
[10Jan2026 14:49:18.382] [modloading-worker-0/DEBUG] [io.netty.util.ResourceLeakDetectorFactory/]: Loaded default ResourceLeakDetector: io.netty.util.ResourceLeakDetector@443a0555
[10Jan2026 14:49:18.399] [modloading-worker-0/DEBUG] [io.netty.util.internal.InternalThreadLocalMap/]: -Dio.netty.threadLocalMap.stringBuilder.initialSize: 1024
[10Jan2026 14:49:18.399] [modloading-worker-0/DEBUG] [io.netty.util.internal.InternalThreadLocalMap/]: -Dio.netty.threadLocalMap.stringBuilder.maxSize: 4096
[10Jan2026 14:49:18.406] [modloading-worker-0/DEBUG] [io.netty.buffer.PooledByteBufAllocator/]: -Dio.netty.allocator.numHeapArenas: 8
[10Jan2026 14:49:18.406] [modloading-worker-0/DEBUG] [io.netty.buffer.PooledByteBufAllocator/]: -Dio.netty.allocator.numDirectArenas: 8
[10Jan2026 14:49:18.406] [modloading-worker-0/DEBUG] [io.netty.buffer.PooledByteBufAllocator/]: -Dio.netty.allocator.pageSize: 8192
[10Jan2026 14:49:18.406] [modloading-worker-0/DEBUG] [io.netty.buffer.PooledByteBufAllocator/]: -Dio.netty.allocator.maxOrder: 9
[10Jan2026 14:49:18.406] [modloading-worker-0/DEBUG] [io.netty.buffer.PooledByteBufAllocator/]: -Dio.netty.allocator.chunkSize: 4194304
[10Jan2026 14:49:18.406] [modloading-worker-0/DEBUG] [io.netty.buffer.PooledByteBufAllocator/]: -Dio.netty.allocator.smallCacheSize: 256
[10Jan2026 14:49:18.406] [modloading-worker-0/DEBUG] [io.netty.buffer.PooledByteBufAllocator/]: -Dio.netty.allocator.normalCacheSize: 64
[10Jan2026 14:49:18.406] [modloading-worker-0/DEBUG] [io.netty.buffer.PooledByteBufAllocator/]: -Dio.netty.allocator.maxCachedBufferCapacity: 32768
[10Jan2026 14:49:18.407] [modloading-worker-0/DEBUG] [io.netty.buffer.PooledByteBufAllocator/]: -Dio.netty.allocator.cacheTrimInterval: 8192
[10Jan2026 14:49:18.407] [modloading-worker-0/DEBUG] [io.netty.buffer.PooledByteBufAllocator/]: -Dio.netty.allocator.cacheTrimIntervalMillis: 0
[10Jan2026 14:49:18.407] [modloading-worker-0/DEBUG] [io.netty.buffer.PooledByteBufAllocator/]: -Dio.netty.allocator.useCacheForAllThreads: false
[10Jan2026 14:49:18.407] [modloading-worker-0/DEBUG] [io.netty.buffer.PooledByteBufAllocator/]: -Dio.netty.allocator.maxCachedByteBuffersPerChunk: 1023
[10Jan2026 14:49:18.407] [modloading-worker-0/DEBUG] [io.netty.buffer.PooledByteBufAllocator/]: -Dio.netty.allocator.disableCacheFinalizersForFastThreadLocalThreads: false
[10Jan2026 14:49:18.419] [modloading-worker-0/DEBUG] [io.netty.buffer.ByteBufUtil/]: -Dio.netty.allocator.type: pooled
[10Jan2026 14:49:18.419] [modloading-worker-0/DEBUG] [io.netty.buffer.ByteBufUtil/]: -Dio.netty.threadLocalDirectBufferSize: 0
[10Jan2026 14:49:18.420] [modloading-worker-0/DEBUG] [io.netty.buffer.ByteBufUtil/]: -Dio.netty.maxThreadLocalCharBufferSize: 16384
[10Jan2026 14:49:18.437] [modloading-worker-0/DEBUG] [net.neoforged.fml.javafmlmod.AutomaticEventSubscriber/LOADING]: Subscribing method private static void net.neoforged.neoforge.network.filters.GenericPacketSplitter.register(net.neoforged.neoforge.network.event.RegisterPayloadHandlersEvent) to the event bus of mod neoforge
[10Jan2026 14:49:18.438] [modloading-worker-0/DEBUG] [net.neoforged.fml.javafmlmod.AutomaticEventSubscriber/LOADING]: Scanning class net.neoforged.neoforge.network.NetworkInitialization for @SubscribeEvent-annotated methods
[10Jan2026 14:49:18.441] [modloading-worker-0/DEBUG] [net.neoforged.fml.javafmlmod.AutomaticEventSubscriber/LOADING]: Subscribing method private static void net.neoforged.neoforge.network.NetworkInitialization.register(net.neoforged.neoforge.network.event.RegisterPayloadHandlersEvent) to the event bus of mod neoforge
[10Jan2026 14:49:18.441] [modloading-worker-0/DEBUG] [net.neoforged.fml.javafmlmod.AutomaticEventSubscriber/LOADING]: Scanning class net.neoforged.neoforge.network.ConfigurationInitialization for @SubscribeEvent-annotated methods
[10Jan2026 14:49:18.447] [modloading-worker-0/DEBUG] [net.neoforged.fml.javafmlmod.AutomaticEventSubscriber/LOADING]: Subscribing method private static void net.neoforged.neoforge.network.ConfigurationInitialization.configureModdedClient(net.neoforged.neoforge.network.event.RegisterConfigurationTasksEvent) to the event bus of mod neoforge
[10Jan2026 14:49:18.447] [modloading-worker-0/DEBUG] [net.neoforged.fml.javafmlmod.AutomaticEventSubscriber/LOADING]: Scanning class net.neoforged.neoforge.model.data.ModelDataManager for @SubscribeEvent-annotated methods
[10Jan2026 14:49:18.459] [modloading-worker-0/DEBUG] [net.neoforged.fml.javafmlmod.AutomaticEventSubscriber/LOADING]: Subscribing method public static void net.neoforged.neoforge.model.data.ModelDataManager.onChunkUnload(net.neoforged.neoforge.event.level.ChunkEvent$Unload) to the game event bus
[10Jan2026 14:49:18.461] [modloading-worker-0/DEBUG] [net.neoforged.fml.javafmlmod.AutomaticEventSubscriber/LOADING]: Scanning class net.neoforged.neoforge.common.MonsterRoomHooks for @SubscribeEvent-annotated methods
[10Jan2026 14:49:18.462] [modloading-worker-0/DEBUG] [net.neoforged.fml.javafmlmod.AutomaticEventSubscriber/LOADING]: Subscribing method public static void net.neoforged.neoforge.common.MonsterRoomHooks.onDataMapsUpdated(net.neoforged.neoforge.registries.datamaps.DataMapsUpdatedEvent) to the game event bus
[10Jan2026 14:49:18.462] [modloading-worker-0/DEBUG] [net.neoforged.fml.javafmlmod.AutomaticEventSubscriber/LOADING]: Scanning class net.neoforged.neoforge.client.network.ClientPayloadHandler for @SubscribeEvent-annotated methods
[10Jan2026 14:49:18.490] [modloading-worker-0/DEBUG] [net.neoforged.fml.javafmlmod.AutomaticEventSubscriber/LOADING]: Subscribing method private static void net.neoforged.neoforge.client.network.ClientPayloadHandler.register(net.neoforged.neoforge.client.network.event.RegisterClientPayloadHandlersEvent) to the event bus of mod neoforge
[10Jan2026 14:49:18.492] [modloading-worker-0/DEBUG] [net.neoforged.fml.javafmlmod.AutomaticEventSubscriber/LOADING]: Scanning class net.neoforged.neoforge.client.ParticleBoundsDebugRenderer for @SubscribeEvent-annotated methods
[10Jan2026 14:49:18.502] [modloading-worker-0/DEBUG] [net.neoforged.fml.javafmlmod.AutomaticEventSubscriber/LOADING]: Subscribing method public static void net.neoforged.neoforge.client.ParticleBoundsDebugRenderer.onRegisterClientCommands(net.neoforged.neoforge.client.event.RegisterClientCommandsEvent) to the game event bus
[10Jan2026 14:49:18.503] [modloading-worker-0/DEBUG] [net.neoforged.fml.javafmlmod.AutomaticEventSubscriber/LOADING]: Subscribing method public static void net.neoforged.neoforge.client.ParticleBoundsDebugRenderer.onRenderLevelStage(net.neoforged.neoforge.client.event.RenderLevelStageEvent$AfterParticles) to the game event bus
[10Jan2026 14:49:18.504] [modloading-worker-0/DEBUG] [net.neoforged.fml.javafmlmod.AutomaticEventSubscriber/LOADING]: Scanning class net.neoforged.neoforge.client.NeoForgeRenderPipelines for @SubscribeEvent-annotated methods
[10Jan2026 14:49:18.551] [modloading-worker-0/DEBUG] [net.neoforged.fml.javafmlmod.AutomaticEventSubscriber/LOADING]: Subscribing method static void net.neoforged.neoforge.client.NeoForgeRenderPipelines.registerPipelines(net.neoforged.neoforge.client.event.RegisterRenderPipelinesEvent) to the event bus of mod neoforge
[10Jan2026 14:49:18.552] [modloading-worker-0/DEBUG] [net.neoforged.fml.javafmlmod.AutomaticEventSubscriber/LOADING]: Scanning class net.neoforged.neoforge.client.BlockEntityRenderBoundsDebugRenderer for @SubscribeEvent-annotated methods
[10Jan2026 14:49:18.555] [modloading-worker-0/DEBUG] [net.neoforged.fml.javafmlmod.AutomaticEventSubscriber/LOADING]: Subscribing method public static void net.neoforged.neoforge.client.BlockEntityRenderBoundsDebugRenderer.onRegisterClientCommands(net.neoforged.neoforge.client.event.RegisterClientCommandsEvent) to the game event bus
[10Jan2026 14:49:18.556] [modloading-worker-0/DEBUG] [net.neoforged.fml.javafmlmod.AutomaticEventSubscriber/LOADING]: Subscribing method public static void net.neoforged.neoforge.client.BlockEntityRenderBoundsDebugRenderer.onRenderLevelStage(net.neoforged.neoforge.client.event.RenderLevelStageEvent$AfterBlockEntities) to the game event bus
[10Jan2026 14:49:18.557] [modloading-worker-0/DEBUG] [net.neoforged.fml.javafmlmod.AutomaticEventSubscriber/LOADING]: Scanning class net.neoforged.neoforge.attachment.AttachmentSync for @SubscribeEvent-annotated methods
[10Jan2026 14:49:18.562] [modloading-worker-0/DEBUG] [net.neoforged.fml.javafmlmod.AutomaticEventSubscriber/LOADING]: Subscribing method public static void net.neoforged.neoforge.attachment.AttachmentSync.onChunkSent(net.neoforged.neoforge.event.level.ChunkWatchEvent$Sent) to the game event bus
[10Jan2026 14:49:18.562] [modloading-worker-0/DEBUG] [net.neoforged.fml.javafmlmod.AutomaticEventSubscriber/LOADING]: Scanning class net.neoforged.neoforge.attachment.AttachmentInternals for @SubscribeEvent-annotated methods
[10Jan2026 14:49:18.564] [modloading-worker-0/DEBUG] [net.neoforged.fml.javafmlmod.AutomaticEventSubscriber/LOADING]: Subscribing method public static void net.neoforged.neoforge.attachment.AttachmentInternals.onLivingConvert(net.neoforged.neoforge.event.entity.living.LivingConversionEvent$Post) to the game event bus
[10Jan2026 14:49:18.564] [modloading-worker-0/DEBUG] [net.neoforged.fml.javafmlmod.AutomaticEventSubscriber/LOADING]: Subscribing method public static void net.neoforged.neoforge.attachment.AttachmentInternals.onPlayerClone(net.neoforged.neoforge.event.entity.player.PlayerEvent$Clone) to the game event bus
[10Jan2026 14:49:18.673] [modloading-worker-0/DEBUG] [net.neoforged.fml.javafmlmod.AutomaticEventSubscriber/LOADING]: Attempting to inject @EventBusSubscriber classes into the eventbus for alan_walker_music
[10Jan2026 14:49:18.673] [modloading-worker-0/DEBUG] [net.neoforged.fml.javafmlmod.AutomaticEventSubscriber/LOADING]: Scanning class net.florianmeixnerdev.alanwalkermusic.client.screens.IngameMenuOverlay for @SubscribeEvent-annotated methods
[10Jan2026 14:49:18.675] [modloading-worker-0/DEBUG] [net.neoforged.fml.javafmlmod.AutomaticEventSubscriber/LOADING]: Subscribing method public static void net.florianmeixnerdev.alanwalkermusic.client.screens.IngameMenuOverlay.eventHandler(net.neoforged.neoforge.client.event.ScreenEvent$Render$Post) to the game event bus
[10Jan2026 14:49:18.676] [modloading-worker-0/DEBUG] [net.neoforged.fml.javafmlmod.AutomaticEventSubscriber/LOADING]: Scanning class net.florianmeixnerdev.alanwalkermusic.command.InfoCommand for @SubscribeEvent-annotated methods
[10Jan2026 14:49:18.679] [modloading-worker-0/DEBUG] [net.neoforged.fml.javafmlmod.AutomaticEventSubscriber/LOADING]: Subscribing method public static void net.florianmeixnerdev.alanwalkermusic.command.InfoCommand.registerCommand(net.neoforged.neoforge.event.RegisterCommandsEvent) to the game event bus
[10Jan2026 14:49:18.679] [modloading-worker-0/DEBUG] [net.neoforged.fml.javafmlmod.AutomaticEventSubscriber/LOADING]: Scanning class net.florianmeixnerdev.alanwalkermusic.init.AlanWalkerMusicModEntities for @SubscribeEvent-annotated methods
[10Jan2026 14:49:18.681] [modloading-worker-0/DEBUG] [net.neoforged.fml.javafmlmod.AutomaticEventSubscriber/LOADING]: Subscribing method public static void net.florianmeixnerdev.alanwalkermusic.init.AlanWalkerMusicModEntities.init(net.neoforged.neoforge.event.entity.RegisterSpawnPlacementsEvent) to the event bus of mod alan_walker_music
[10Jan2026 14:49:18.681] [modloading-worker-0/DEBUG] [net.neoforged.fml.javafmlmod.AutomaticEventSubscriber/LOADING]: Subscribing method public static void net.florianmeixnerdev.alanwalkermusic.init.AlanWalkerMusicModEntities.registerAttributes(net.neoforged.neoforge.event.entity.EntityAttributeCreationEvent) to the event bus of mod alan_walker_music
[10Jan2026 14:49:18.682] [modloading-worker-0/DEBUG] [net.neoforged.fml.javafmlmod.AutomaticEventSubscriber/LOADING]: Scanning class net.florianmeixnerdev.alanwalkermusic.init.AlanWalkerMusicModEntityRenderers for @SubscribeEvent-annotated methods
[10Jan2026 14:49:18.686] [modloading-worker-0/DEBUG] [net.neoforged.fml.javafmlmod.AutomaticEventSubscriber/LOADING]: Subscribing method public static void net.florianmeixnerdev.alanwalkermusic.init.AlanWalkerMusicModEntityRenderers.registerEntityRenderers(net.neoforged.neoforge.client.event.EntityRenderersEvent$RegisterRenderers) to the event bus of mod alan_walker_music
[10Jan2026 14:49:18.686] [modloading-worker-0/DEBUG] [net.neoforged.fml.javafmlmod.AutomaticEventSubscriber/LOADING]: Scanning class net.florianmeixnerdev.alanwalkermusic.init.AlanWalkerMusicModScreens for @SubscribeEvent-annotated methods
[10Jan2026 14:49:18.688] [modloading-worker-0/DEBUG] [net.neoforged.fml.javafmlmod.AutomaticEventSubscriber/LOADING]: Subscribing method public static void net.florianmeixnerdev.alanwalkermusic.init.AlanWalkerMusicModScreens.clientLoad(net.neoforged.neoforge.client.event.RegisterMenuScreensEvent) to the event bus of mod alan_walker_music
[10Jan2026 14:49:18.689] [modloading-worker-0/DEBUG] [net.neoforged.fml.javafmlmod.AutomaticEventSubscriber/LOADING]: Scanning class net.florianmeixnerdev.alanwalkermusic.init.AlanWalkerMusicModTabs for @SubscribeEvent-annotated methods
[10Jan2026 14:49:18.690] [modloading-worker-0/DEBUG] [net.neoforged.fml.javafmlmod.AutomaticEventSubscriber/LOADING]: Subscribing method public static void net.florianmeixnerdev.alanwalkermusic.init.AlanWalkerMusicModTabs.buildTabContentsVanilla(net.neoforged.neoforge.event.BuildCreativeModeTabContentsEvent) to the event bus of mod alan_walker_music
[10Jan2026 14:49:18.691] [modloading-worker-0/DEBUG] [net.neoforged.fml.javafmlmod.AutomaticEventSubscriber/LOADING]: Scanning class net.florianmeixnerdev.alanwalkermusic.network.LinkInfoButtonMessage for @SubscribeEvent-annotated methods
[10Jan2026 14:49:18.694] [modloading-worker-0/DEBUG] [net.neoforged.fml.javafmlmod.AutomaticEventSubscriber/LOADING]: Subscribing method public static void net.florianmeixnerdev.alanwalkermusic.network.LinkInfoButtonMessage.registerMessage(net.neoforged.fml.event.lifecycle.FMLCommonSetupEvent) to the event bus of mod alan_walker_music
[10Jan2026 14:49:18.695] [modloading-worker-0/DEBUG] [net.neoforged.fml.javafmlmod.AutomaticEventSubscriber/LOADING]: Scanning class net.florianmeixnerdev.alanwalkermusic.network.MenuStateUpdateMessage for @SubscribeEvent-annotated methods
[10Jan2026 14:49:18.698] [modloading-worker-0/DEBUG] [net.neoforged.fml.javafmlmod.AutomaticEventSubscriber/LOADING]: Subscribing method public static void net.florianmeixnerdev.alanwalkermusic.network.MenuStateUpdateMessage.registerMessage(net.neoforged.fml.event.lifecycle.FMLCommonSetupEvent) to the event bus of mod alan_walker_music
[10Jan2026 14:49:19.066] [modloading-sync-worker/DEBUG] [net.neoforged.fml.config.ConfigTracker/CONFIG]: Loading configs type CLIENT
[10Jan2026 14:49:19.084] [modloading-sync-worker/DEBUG] [net.neoforged.neoforge.common.NeoForgeMod/FORGEMOD]: Loaded NeoForge config file neoforge-client.toml
[10Jan2026 14:49:19.085] [modloading-sync-worker/DEBUG] [net.neoforged.fml.config.ConfigTracker/CONFIG]: Loaded TOML config file C:\Users\meixn\MCreatorWorkspaces\alan_walker_music\run\config\neoforge-client.toml
[10Jan2026 14:49:19.097] [modloading-sync-worker/DEBUG] [net.neoforged.fml.config.ConfigTracker/CONFIG]: Watching TOML config file C:\Users\meixn\MCreatorWorkspaces\alan_walker_music\run\config\neoforge-client.toml for changes
[10Jan2026 14:49:19.098] [modloading-sync-worker/DEBUG] [net.neoforged.fml.config.ConfigTracker/CONFIG]: Loading configs type COMMON
[10Jan2026 14:49:19.100] [modloading-sync-worker/DEBUG] [net.neoforged.neoforge.common.NeoForgeMod/FORGEMOD]: Loaded NeoForge config file neoforge-common.toml
[10Jan2026 14:49:19.100] [modloading-sync-worker/DEBUG] [net.neoforged.fml.config.ConfigTracker/CONFIG]: Loaded TOML config file C:\Users\meixn\MCreatorWorkspaces\alan_walker_music\run\config\neoforge-common.toml
[10Jan2026 14:49:19.102] [modloading-sync-worker/DEBUG] [net.neoforged.fml.config.ConfigTracker/CONFIG]: Watching TOML config file C:\Users\meixn\MCreatorWorkspaces\alan_walker_music\run\config\neoforge-common.toml for changes
[10Jan2026 14:49:19.458] [Render thread/WARN] [net.minecraft.server.packs.VanillaPackResourcesBuilder/]: Assets URL 'union:/C:/Users/meixn/MCreatorWorkspaces/alan_walker_music/build/moddev/artifacts/neoforge-21.8.31.jar%23212!/assets/.mcassetsroot' uses unexpected schema
[10Jan2026 14:49:19.460] [Render thread/WARN] [net.minecraft.server.packs.VanillaPackResourcesBuilder/]: Assets URL 'union:/C:/Users/meixn/MCreatorWorkspaces/alan_walker_music/build/moddev/artifacts/neoforge-21.8.31.jar%23212!/data/.mcassetsroot' uses unexpected schema
[10Jan2026 14:49:19.583] [Render thread/INFO] [com.mojang.authlib.yggdrasil.YggdrasilAuthenticationService/]: Environment: Environment[sessionHost=https://sessionserver.mojang.com, servicesHost=https://api.minecraftservices.com, name=PROD]
[10Jan2026 14:49:19.619] [Render thread/INFO] [net.minecraft.client.Minecraft/]: Setting user: Dev
[10Jan2026 14:49:20.059] [Render thread/INFO] [net.minecraft.client.Minecraft/]: Backend library: LWJGL version 3.3.3+5
[10Jan2026 14:49:20.690] [Render thread/INFO] [net.minecraft.client.Minecraft/]: Using optional rendering extensions: GL_ARB_buffer_storage, GL_KHR_debug, GL_ARB_vertex_attrib_binding
[10Jan2026 14:49:22.820] [Render thread/INFO] [net.minecraft.server.packs.resources.ReloadableResourceManager/]: Reloading ResourceManager: vanilla, mod_resources, mod/neoforge, mod/alan_walker_music
[10Jan2026 14:49:22.946] [Render thread/DEBUG] [net.neoforged.fml.DeferredWorkQueue/LOADING]: Dispatching synchronous work for work queue Common setup: 1 jobs
[10Jan2026 14:49:22.948] [Render thread/DEBUG] [net.neoforged.fml.DeferredWorkQueue/LOADING]: Synchronous work queue completed in 1.147 ms
[10Jan2026 14:49:23.535] [resourceLoad/INFO] [net.minecraft.client.gui.font.providers.UnihexProvider/]: Found unifont_all_no_pua-16.0.03.hex, loading
[10Jan2026 14:49:23.568] [resourceLoad/INFO] [net.minecraft.client.gui.font.providers.UnihexProvider/]: Found unifont_pua-16.0.03.hex, loading
[10Jan2026 14:49:24.189] [resourceLoad/INFO] [net.minecraft.client.gui.font.providers.UnihexProvider/]: Found unifont_jp_patch-16.0.03.hex, loading
[10Jan2026 14:49:26.720] [resourceLoad/WARN] [net.minecraft.client.renderer.texture.SpriteLoader/]: Texture alan_walker_music:item/awlogopng with size 1474x1402 limits mip level from 2 to 1
[10Jan2026 14:49:30.064] [Render thread/INFO] [com.mojang.blaze3d.audio.Library/]: OpenAL initialized on device OpenAL Soft on Lautsprecher (Realtek High Definition Audio)
[10Jan2026 14:49:30.066] [Render thread/INFO] [net.minecraft.client.sounds.SoundEngine/SOUNDS]: Sound engine started
[10Jan2026 14:49:30.300] [Render thread/INFO] [net.minecraft.client.renderer.texture.TextureAtlas/]: Created: 4096x2048x2 minecraft:textures/atlas/blocks.png-atlas
[10Jan2026 14:49:30.492] [Render thread/INFO] [net.minecraft.client.renderer.texture.TextureAtlas/]: Created: 256x256x2 minecraft:textures/atlas/signs.png-atlas
[10Jan2026 14:49:30.498] [Render thread/INFO] [net.minecraft.client.renderer.texture.TextureAtlas/]: Created: 512x512x2 minecraft:textures/atlas/shield_patterns.png-atlas
[10Jan2026 14:49:30.505] [Render thread/INFO] [net.minecraft.client.renderer.texture.TextureAtlas/]: Created: 512x512x2 minecraft:textures/atlas/banner_patterns.png-atlas
[10Jan2026 14:49:30.508] [Render thread/INFO] [net.minecraft.client.renderer.texture.TextureAtlas/]: Created: 2048x1024x2 minecraft:textures/atlas/armor_trims.png-atlas
[10Jan2026 14:49:30.557] [Render thread/INFO] [net.minecraft.client.renderer.texture.TextureAtlas/]: Created: 128x64x2 minecraft:textures/atlas/decorated_pot.png-atlas
[10Jan2026 14:49:30.559] [Render thread/INFO] [net.minecraft.client.renderer.texture.TextureAtlas/]: Created: 256x256x2 minecraft:textures/atlas/chest.png-atlas
[10Jan2026 14:49:30.560] [Render thread/INFO] [net.minecraft.client.renderer.texture.TextureAtlas/]: Created: 512x256x2 minecraft:textures/atlas/shulker_boxes.png-atlas
[10Jan2026 14:49:30.563] [Render thread/INFO] [net.minecraft.client.renderer.texture.TextureAtlas/]: Created: 512x256x2 minecraft:textures/atlas/beds.png-atlas
[10Jan2026 14:49:30.566] [Render thread/INFO] [net.minecraft.client.renderer.texture.TextureAtlas/]: Created: 64x64x0 minecraft:textures/atlas/map_decorations.png-atlas
[10Jan2026 14:49:30.789] [Render thread/INFO] [net.minecraft.client.renderer.texture.TextureAtlas/]: Created: 512x256x0 minecraft:textures/atlas/particles.png-atlas
[10Jan2026 14:49:30.806] [Render thread/INFO] [net.minecraft.client.renderer.texture.TextureAtlas/]: Created: 4096x2048x0 minecraft:textures/atlas/paintings.png-atlas
[10Jan2026 14:49:30.909] [Render thread/INFO] [net.minecraft.client.renderer.texture.TextureAtlas/]: Created: 1024x512x0 minecraft:textures/atlas/gui.png-atlas
[10Jan2026 14:49:31.021] [Render thread/INFO] [net.neoforged.neoforge.client.entity.animation.json.AnimationLoader/]: Loaded 0 entity animations
[10Jan2026 15:14:45.763] [Render thread/INFO] [net.minecraft.client.renderer.DynamicUniformStorage/]: Resizing Dynamic Transforms UBO, capacity limit of 2 reached during a single frame. New capacity will be 4.
[10Jan2026 15:14:48.742] [Render thread/INFO] [net.minecraft.world.item.crafting.RecipeManager/]: Loaded 1407 recipes
[10Jan2026 15:14:48.768] [Render thread/INFO] [net.minecraft.advancements.AdvancementTree/]: Loaded 1520 advancements
[10Jan2026 15:14:48.771] [Render thread/INFO] [net.neoforged.neoforge.common.crafting.RecipePriorityManager/]: Loaded 0 recipe priority overrides
[10Jan2026 15:14:49.077] [Render thread/DEBUG] [net.neoforged.neoforge.common.CommonHooks/WP]: Gathered mod list to write to world save Neue Welt
[10Jan2026 15:14:49.287] [Server thread/INFO] [net.minecraft.client.server.IntegratedServer/]: Starting integrated minecraft server version 1.21.8
[10Jan2026 15:14:49.288] [Server thread/INFO] [net.minecraft.server.MinecraftServer/]: Generating keypair
[10Jan2026 15:14:49.457] [Server thread/DEBUG] [net.neoforged.fml.config.ConfigTracker/CONFIG]: Loading configs type SERVER
[10Jan2026 15:14:49.460] [Server thread/DEBUG] [net.neoforged.neoforge.common.NeoForgeMod/FORGEMOD]: Loaded NeoForge config file neoforge-server.toml
[10Jan2026 15:14:49.460] [Server thread/DEBUG] [net.neoforged.fml.config.ConfigTracker/CONFIG]: Loaded TOML config file C:\Users\meixn\MCreatorWorkspaces\alan_walker_music\run\config\neoforge-server.toml
[10Jan2026 15:14:49.462] [Server thread/DEBUG] [net.neoforged.fml.config.ConfigTracker/CONFIG]: Watching TOML config file C:\Users\meixn\MCreatorWorkspaces\alan_walker_music\run\config\neoforge-server.toml for changes
[10Jan2026 15:14:50.008] [Server thread/INFO] [net.minecraft.server.MinecraftServer/]: Preparing start region for dimension minecraft:overworld
[10Jan2026 15:14:50.463] [progressListener/INFO] [net.minecraft.server.level.progress.LoggerChunkProgressListener/]: Einstiegsbereich wird vorbereitet: 0 %
[10Jan2026 15:14:50.573] [Server thread/INFO] [net.neoforged.neoforge.server.permission.PermissionAPI/]: Successfully initialized permission handler neoforge:default_handler
[10Jan2026 15:14:50.580] [progressListener/INFO] [net.minecraft.server.level.progress.LoggerChunkProgressListener/]: Time elapsed: 490 ms
[10Jan2026 15:14:50.746] [Server thread/INFO] [net.minecraft.client.server.IntegratedServer/]: Changing view distance to 5, from 10
[10Jan2026 15:14:50.746] [Server thread/INFO] [net.minecraft.client.server.IntegratedServer/]: Changing simulation distance to 12, from 0
[10Jan2026 15:14:51.074] [Render thread/DEBUG] [io.netty.channel.MultithreadEventLoopGroup/]: -Dio.netty.eventLoopThreads: 8
[10Jan2026 15:14:51.094] [Render thread/DEBUG] [io.netty.util.concurrent.GlobalEventExecutor/]: -Dio.netty.globalEventExecutor.quietPeriodSeconds: 1
[10Jan2026 15:14:51.114] [Render thread/DEBUG] [io.netty.channel.nio.NioEventLoop/]: -Dio.netty.noKeySetOptimization: false
[10Jan2026 15:14:51.114] [Render thread/DEBUG] [io.netty.channel.nio.NioEventLoop/]: -Dio.netty.selectorAutoRebuildThreshold: 512
[10Jan2026 15:14:51.125] [Render thread/DEBUG] [io.netty.util.internal.PlatformDependent/]: org.jctools-core.MpscChunkedArrayQueue: available
[10Jan2026 15:14:51.158] [Render thread/DEBUG] [io.netty.channel.DefaultChannelId/]: -Dio.netty.processId: 7568 (auto-detected)
[10Jan2026 15:14:51.162] [Render thread/DEBUG] [io.netty.util.NetUtil/]: -Djava.net.preferIPv4Stack: false
[10Jan2026 15:14:51.162] [Render thread/DEBUG] [io.netty.util.NetUtil/]: -Djava.net.preferIPv6Addresses: system
[10Jan2026 15:14:51.167] [Render thread/DEBUG] [io.netty.util.NetUtilInitializations/]: Loopback interface: loopback_0 (Software Loopback Interface 1, 0:0:0:0:0:0:0:1)
[10Jan2026 15:14:51.168] [Render thread/DEBUG] [io.netty.util.NetUtil/]: Failed to get SOMAXCONN from sysctl and file \proc\sys\net\core\somaxconn. Default: 200
[10Jan2026 15:14:51.171] [Render thread/DEBUG] [io.netty.channel.DefaultChannelId/]: -Dio.netty.machineId: a0:66:10:ff:fe:08:1c:31 (auto-detected)
[10Jan2026 15:14:51.195] [Render thread/DEBUG] [io.netty.bootstrap.ChannelInitializerExtensions/]: -Dio.netty.bootstrap.extensions: null
[10Jan2026 15:14:51.302] [Render thread/DEBUG] [io.netty.util.Recycler/]: -Dio.netty.recycler.maxCapacityPerThread: 4096
[10Jan2026 15:14:51.302] [Render thread/DEBUG] [io.netty.util.Recycler/]: -Dio.netty.recycler.ratio: 8
[10Jan2026 15:14:51.303] [Render thread/DEBUG] [io.netty.util.Recycler/]: -Dio.netty.recycler.chunkSize: 32
[10Jan2026 15:14:51.303] [Render thread/DEBUG] [io.netty.util.Recycler/]: -Dio.netty.recycler.blocking: false
[10Jan2026 15:14:51.303] [Render thread/DEBUG] [io.netty.util.Recycler/]: -Dio.netty.recycler.batchFastThreadLocalOnly: true
[10Jan2026 15:14:51.589] [Netty Server IO #1/DEBUG] [net.neoforged.neoforge.network.filters.NetworkFilters/]: Injected net.neoforged.neoforge.network.filters.GenericPacketSplitter@21861a40 into net.minecraft.network.Connection@5b29df9c
[10Jan2026 15:14:51.602] [Netty Local Client IO #0/DEBUG] [net.neoforged.neoforge.network.filters.NetworkFilters/]: Injected net.neoforged.neoforge.network.filters.GenericPacketSplitter@6d84ba24 into net.minecraft.network.Connection@22244875
[10Jan2026 15:14:52.452] [Netty Server IO #1/DEBUG] [net.neoforged.neoforge.network.filters.NetworkFilters/]: Injected net.neoforged.neoforge.network.filters.GenericPacketSplitter@c90fb77 into net.minecraft.network.Connection@5b29df9c
[10Jan2026 15:14:52.697] [Server thread/INFO] [net.minecraft.server.players.PlayerList/]: Dev[local:E:219a95c4] logged in with entity id 1 at (-11.32404850241312, 56.0, 2.1973418721659366)
[10Jan2026 15:14:52.729] [Server thread/DEBUG] [net.neoforged.neoforge.common.CommonHooks/]: Sending 0 recipes of the following types: []
[10Jan2026 15:14:52.866] [Server thread/INFO] [net.minecraft.server.MinecraftServer/]: Dev hat das Spiel betreten
[10Jan2026 15:14:55.450] [Render thread/INFO] [net.minecraft.client.renderer.DynamicUniformStorage/]: Resizing Dynamic Transforms UBO, capacity limit of 4 reached during a single frame. New capacity will be 8.
[10Jan2026 15:14:55.455] [Render thread/INFO] [net.minecraft.advancements.AdvancementTree/]: Loaded 100 advancements
[10Jan2026 15:14:55.948] [Render thread/INFO] [net.minecraft.client.renderer.DynamicUniformStorage/]: Resizing Dynamic Transforms UBO, capacity limit of 8 reached during a single frame. New capacity will be 16.
[10Jan2026 15:14:56.161] [Render thread/INFO] [net.minecraft.client.renderer.DynamicUniformStorage/]: Resizing Dynamic Transforms UBO, capacity limit of 16 reached during a single frame. New capacity will be 32.
[10Jan2026 15:14:56.274] [Render thread/INFO] [net.minecraft.client.renderer.DynamicUniformStorage/]: Resizing Dynamic Transforms UBO, capacity limit of 32 reached during a single frame. New capacity will be 64.
[10Jan2026 15:15:06.298] [Server thread/INFO] [net.minecraft.server.MinecraftServer/]: [Dev: Dein Spielmodus wurde auf Kreativmodus gesetzt]
[10Jan2026 15:15:06.313] [Render thread/INFO] [net.minecraft.client.gui.components.ChatComponent/]: [System] [CHAT] Dein Spielmodus wurde auf Kreativmodus gesetzt
[10Jan2026 15:15:35.864] [Server thread/INFO] [net.minecraft.server.MinecraftServer/]: [Dev: Dein Spielmodus wurde auf Überlebensmodus gesetzt]
[10Jan2026 15:15:35.873] [Render thread/INFO] [net.minecraft.client.gui.components.ChatComponent/]: [System] [CHAT] Dein Spielmodus wurde auf Überlebensmodus gesetzt
[10Jan2026 15:15:43.436] [Server thread/INFO] [net.minecraft.server.MinecraftServer/]: [Dev: 1 [Plattenspieler] an Dev gegeben]
[10Jan2026 15:15:43.452] [Render thread/INFO] [net.minecraft.client.gui.components.ChatComponent/]: [System] [CHAT] 1 [Plattenspieler] an Dev gegeben
[10Jan2026 15:15:55.823] [Server thread/INFO] [net.minecraft.server.MinecraftServer/]: [Dev: Dein Spielmodus wurde auf Kreativmodus gesetzt]
[10Jan2026 15:15:55.826] [Render thread/INFO] [net.minecraft.client.gui.components.ChatComponent/]: [System] [CHAT] Dein Spielmodus wurde auf Kreativmodus gesetzt
[10Jan2026 15:16:01.718] [Server thread/INFO] [net.minecraft.server.MinecraftServer/]: [Dev: 9 Gegenstand/‐stände wurde(n) von Dev entfernt]
[10Jan2026 15:16:01.721] [Render thread/INFO] [net.minecraft.client.gui.components.ChatComponent/]: [System] [CHAT] 9 Gegenstand/‐stände wurde(n) von Dev entfernt
[10Jan2026 15:16:19.959] [Server thread/INFO] [net.minecraft.server.MinecraftServer/]: [Dev: 1 Gegenstand/‐stände wurde(n) von Dev entfernt]
[10Jan2026 15:16:19.972] [Render thread/INFO] [net.minecraft.client.gui.components.ChatComponent/]: [System] [CHAT] 1 Gegenstand/‐stände wurde(n) von Dev entfernt
[10Jan2026 15:17:41.903] [Server thread/INFO] [net.minecraft.server.MinecraftServer/]: [Dev: 1 Gegenstand/‐stände wurde(n) von Dev entfernt]
[10Jan2026 15:17:41.910] [Render thread/INFO] [net.minecraft.client.gui.components.ChatComponent/]: [System] [CHAT] 1 Gegenstand/‐stände wurde(n) von Dev entfernt
[10Jan2026 15:17:47.395] [Server thread/INFO] [net.minecraft.server.MinecraftServer/]: [Dev: Dein Spielmodus wurde auf Überlebensmodus gesetzt]
[10Jan2026 15:17:47.400] [Render thread/INFO] [net.minecraft.client.gui.components.ChatComponent/]: [System] [CHAT] Dein Spielmodus wurde auf Überlebensmodus gesetzt
[10Jan2026 15:19:21.079] [Server thread/INFO] [net.minecraft.client.server.IntegratedServer/]: Saving and pausing game...
[10Jan2026 15:19:21.142] [Server thread/INFO] [net.minecraft.server.MinecraftServer/]: Saving chunks for level 'ServerLevel[Neue Welt]'/minecraft:overworld
[10Jan2026 15:19:21.164] [Server thread/INFO] [net.minecraft.server.MinecraftServer/]: Saving chunks for level 'ServerLevel[Neue Welt]'/minecraft:the_nether
[10Jan2026 15:19:21.169] [Server thread/INFO] [net.minecraft.server.MinecraftServer/]: Saving chunks for level 'ServerLevel[Neue Welt]'/minecraft:the_end
[10Jan2026 15:19:21.177] [Server thread/DEBUG] [net.neoforged.neoforge.common.CommonHooks/WP]: Gathered mod list to write to world save Neue Welt
[10Jan2026 15:42:26.279] [Server thread/INFO] [net.minecraft.client.server.IntegratedServer/]: Saving and pausing game...
[10Jan2026 15:42:26.325] [Server thread/INFO] [net.minecraft.server.MinecraftServer/]: Saving chunks for level 'ServerLevel[Neue Welt]'/minecraft:overworld
[10Jan2026 15:42:26.335] [Server thread/INFO] [net.minecraft.server.MinecraftServer/]: Saving chunks for level 'ServerLevel[Neue Welt]'/minecraft:the_nether
[10Jan2026 15:42:26.337] [Server thread/INFO] [net.minecraft.server.MinecraftServer/]: Saving chunks for level 'ServerLevel[Neue Welt]'/minecraft:the_end
[10Jan2026 15:42:26.340] [Server thread/DEBUG] [net.neoforged.neoforge.common.CommonHooks/WP]: Gathered mod list to write to world save Neue Welt
[10Jan2026 15:42:34.208] [Render thread/INFO] [net.minecraft.client.renderer.DynamicUniformStorage/]: Resizing Dynamic Transforms UBO, capacity limit of 64 reached during a single frame. New capacity will be 128.
[10Jan2026 15:42:45.390] [Server thread/DEBUG] [net.neoforged.neoforge.common.CommonHooks/WP]: Gathered mod list to write to world save Neue Welt
[10Jan2026 15:44:12.623] [Render thread/INFO] [net.minecraft.client.gui.components.ChatComponent/]: [System] [CHAT] Github Repository\nHere is the source code of the mod:\nhttps://github.com/FlorianMeixnerDEV/Alan-Walker-Mod-Minecraft-NeoForge-1.21.8-
[10Jan2026 15:44:18.029] [Server thread/INFO] [net.minecraft.client.server.IntegratedServer/]: Saving and pausing game...
[10Jan2026 15:44:18.060] [Server thread/INFO] [net.minecraft.server.MinecraftServer/]: Saving chunks for level 'ServerLevel[Neue Welt]'/minecraft:overworld
[10Jan2026 15:44:18.063] [Server thread/INFO] [net.minecraft.server.MinecraftServer/]: Saving chunks for level 'ServerLevel[Neue Welt]'/minecraft:the_nether
[10Jan2026 15:44:18.067] [Server thread/INFO] [net.minecraft.server.MinecraftServer/]: Saving chunks for level 'ServerLevel[Neue Welt]'/minecraft:the_end
[10Jan2026 15:44:18.070] [Server thread/DEBUG] [net.neoforged.neoforge.common.CommonHooks/WP]: Gathered mod list to write to world save Neue Welt
[10Jan2026 15:44:20.927] [Server thread/INFO] [net.minecraft.client.server.IntegratedServer/]: Saving and pausing game...
[10Jan2026 15:44:20.956] [Server thread/INFO] [net.minecraft.server.MinecraftServer/]: Saving chunks for level 'ServerLevel[Neue Welt]'/minecraft:overworld
[10Jan2026 15:44:20.959] [Server thread/INFO] [net.minecraft.server.MinecraftServer/]: Saving chunks for level 'ServerLevel[Neue Welt]'/minecraft:the_nether
[10Jan2026 15:44:20.960] [Server thread/INFO] [net.minecraft.server.MinecraftServer/]: Saving chunks for level 'ServerLevel[Neue Welt]'/minecraft:the_end
[10Jan2026 15:44:20.962] [Server thread/DEBUG] [net.neoforged.neoforge.common.CommonHooks/WP]: Gathered mod list to write to world save Neue Welt
[10Jan2026 15:44:57.452] [Render thread/INFO] [net.minecraft.client.gui.components.ChatComponent/]: [System] [CHAT] Der Wert des Attributs Kreativmodus-Flug des Objekts Dev ist 0.0
[10Jan2026 15:45:04.893] [Render thread/INFO] [net.minecraft.client.gui.components.ChatComponent/]: [System] [CHAT] Der Grundwert des Attributs Kreativmodus-Flug des Objekts Dev wurde auf 99.0 gesetzt
[10Jan2026 15:45:11.316] [Server thread/INFO] [net.minecraft.server.MinecraftServer/]: [Dev: Dein Spielmodus wurde auf Kreativmodus gesetzt]
[10Jan2026 15:45:11.318] [Render thread/INFO] [net.minecraft.client.gui.components.ChatComponent/]: [System] [CHAT] Dein Spielmodus wurde auf Kreativmodus gesetzt
[10Jan2026 15:45:17.717] [Render thread/INFO] [net.minecraft.client.gui.components.ChatComponent/]: [System] [CHAT] Der Grundwert des Attributs Kreativmodus-Flug des Objekts Dev wurde auf 9.999999999999E12 gesetzt
[10Jan2026 15:45:28.965] [Render thread/INFO] [net.minecraft.client.gui.components.ChatComponent/]: [System] [CHAT] Der Grundwert für das Attribut Kreativmodus-Flug von Objekt Dev wurde auf den Standardwert 0.0 zurückgesetzt
[10Jan2026 15:45:33.711] [Server thread/INFO] [net.minecraft.server.MinecraftServer/]: [Dev: Dein Spielmodus wurde auf Überlebensmodus gesetzt]
[10Jan2026 15:45:33.714] [Render thread/INFO] [net.minecraft.client.gui.components.ChatComponent/]: [System] [CHAT] Dein Spielmodus wurde auf Überlebensmodus gesetzt
[10Jan2026 15:47:47.417] [Server thread/DEBUG] [net.neoforged.neoforge.common.CommonHooks/WP]: Gathered mod list to write to world save Neue Welt
[10Jan2026 15:48:38.134] [Server thread/INFO] [net.minecraft.server.MinecraftServer/]: [Dev: 1 [Alan Walker Spawn Egg] an Dev gegeben]
[10Jan2026 15:48:38.153] [Render thread/INFO] [net.minecraft.client.gui.components.ChatComponent/]: [System] [CHAT] 1 [Alan Walker Spawn Egg] an Dev gegeben
[10Jan2026 15:48:49.564] [Server thread/INFO] [net.minecraft.server.MinecraftServer/]: [Dev: 1 [Bodyguard Spawn Egg] an Dev gegeben]
[10Jan2026 15:48:49.570] [Render thread/INFO] [net.minecraft.client.gui.components.ChatComponent/]: [System] [CHAT] 1 [Bodyguard Spawn Egg] an Dev gegeben
[10Jan2026 15:48:55.121] [Server thread/INFO] [net.minecraft.server.MinecraftServer/]: [Dev: 1 [Bad Alan Spawn Egg] an Dev gegeben]
[10Jan2026 15:48:55.138] [Render thread/INFO] [net.minecraft.client.gui.components.ChatComponent/]: [System] [CHAT] 1 [Bad Alan Spawn Egg] an Dev gegeben
[10Jan2026 15:49:18.377] [Server thread/INFO] [net.minecraft.server.MinecraftServer/]: [Dev: Creeper wurde erzeugt]
[10Jan2026 15:49:18.389] [Render thread/INFO] [net.minecraft.client.gui.components.ChatComponent/]: [System] [CHAT] Creeper wurde erzeugt
[10Jan2026 15:49:27.389] [Server thread/INFO] [net.minecraft.server.MinecraftServer/]: Dev hat den Fortschritt [Monsterjäger] erzielt
[10Jan2026 15:49:27.403] [Render thread/INFO] [net.minecraft.client.gui.components.ChatComponent/]: [System] [CHAT] Dev hat den Fortschritt [Monsterjäger] erzielt
[10Jan2026 15:49:27.521] [Render thread/INFO] [net.minecraft.advancements.AdvancementTree/]: Loaded 103 advancements
[10Jan2026 15:49:30.290] [Render thread/INFO] [net.minecraft.advancements.AdvancementTree/]: Loaded 105 advancements
[10Jan2026 15:49:35.099] [Server thread/INFO] [net.minecraft.server.MinecraftServer/]: [Dev: Piglin wurde erzeugt]
[10Jan2026 15:49:35.107] [Render thread/INFO] [net.minecraft.client.gui.components.ChatComponent/]: [System] [CHAT] Piglin wurde erzeugt
[10Jan2026 15:50:04.308] [Server thread/INFO] [net.minecraft.server.MinecraftServer/]: [Dev: Bodyguard wurde erzeugt]
[10Jan2026 15:50:04.314] [Render thread/INFO] [net.minecraft.client.gui.components.ChatComponent/]: [System] [CHAT] Bodyguard wurde erzeugt
[10Jan2026 15:50:18.492] [Server thread/INFO] [net.minecraft.server.MinecraftServer/]: [Dev: Bodyguard wurde erzeugt]
[10Jan2026 15:50:18.498] [Render thread/INFO] [net.minecraft.client.gui.components.ChatComponent/]: [System] [CHAT] Bodyguard wurde erzeugt
[10Jan2026 15:50:18.947] [Server thread/INFO] [net.minecraft.server.MinecraftServer/]: [Dev: Bodyguard wurde erzeugt]
[10Jan2026 15:50:18.954] [Render thread/INFO] [net.minecraft.client.gui.components.ChatComponent/]: [System] [CHAT] Bodyguard wurde erzeugt
[10Jan2026 15:50:19.390] [Server thread/INFO] [net.minecraft.server.MinecraftServer/]: [Dev: Bodyguard wurde erzeugt]
[10Jan2026 15:50:19.395] [Render thread/INFO] [net.minecraft.client.gui.components.ChatComponent/]: [System] [CHAT] Bodyguard wurde erzeugt
[10Jan2026 15:50:19.852] [Server thread/INFO] [net.minecraft.server.MinecraftServer/]: [Dev: Bodyguard wurde erzeugt]
[10Jan2026 15:50:19.857] [Render thread/INFO] [net.minecraft.client.gui.components.ChatComponent/]: [System] [CHAT] Bodyguard wurde erzeugt
[10Jan2026 15:50:24.946] [Render thread/INFO] [net.minecraft.advancements.AdvancementTree/]: Loaded 107 advancements
[10Jan2026 15:50:31.236] [Server thread/INFO] [net.minecraft.server.MinecraftServer/]: [Dev: Ghast wurde erzeugt]
[10Jan2026 15:50:31.240] [Render thread/INFO] [net.minecraft.client.gui.components.ChatComponent/]: [System] [CHAT] Ghast wurde erzeugt
[10Jan2026 15:51:12.859] [Server thread/INFO] [net.minecraft.server.MinecraftServer/]: [Dev: Ghast wurde zu (5.778183, 6.000000, 29.648456) teleportiert]
[10Jan2026 15:51:12.863] [Render thread/INFO] [net.minecraft.client.gui.components.ChatComponent/]: [System] [CHAT] Ghast wurde zu (5.778183, 6.000000, 29.648456) teleportiert
[10Jan2026 15:51:17.526] [Render thread/INFO] [net.minecraft.client.gui.components.ChatComponent/]: [System] [CHAT] Es wurde kein Objekt gefunden
[10Jan2026 15:51:31.643] [Server thread/INFO] [net.minecraft.server.MinecraftServer/]: [Dev: 6 Objekte wurden zu (-9.809582, 76.000000, 21.689089) teleportiert]
[10Jan2026 15:51:31.647] [Render thread/INFO] [net.minecraft.client.gui.components.ChatComponent/]: [System] [CHAT] 6 Objekte wurden zu (-9.809582, 76.000000, 21.689089) teleportiert
[10Jan2026 15:52:19.285] [Render thread/INFO] [net.minecraft.client.gui.components.ChatComponent/]: [System] [CHAT] Der Grundwert des Attributs Größe des Objekts Dev wurde auf 20.0 gesetzt
[10Jan2026 15:52:26.939] [Render thread/INFO] [net.minecraft.client.gui.components.ChatComponent/]: [System] [CHAT] Der Grundwert des Attributs Größe des Objekts Dev wurde auf 2.0 gesetzt
[10Jan2026 15:52:29.042] [Render thread/INFO] [net.minecraft.client.gui.components.ChatComponent/]: [System] [CHAT] Der Grundwert des Attributs Größe des Objekts Dev wurde auf 1.0 gesetzt
[10Jan2026 15:52:36.459] [Render thread/INFO] [net.minecraft.client.gui.components.ChatComponent/]: [System] [CHAT] Der Grundwert des Attributs Größe des Objekts Dev wurde auf -1.0 gesetzt
[10Jan2026 15:52:46.086] [Server thread/INFO] [net.minecraft.server.MinecraftServer/]: [Dev: Bodyguard wurde erzeugt]
[10Jan2026 15:52:46.092] [Render thread/INFO] [net.minecraft.client.gui.components.ChatComponent/]: [System] [CHAT] Bodyguard wurde erzeugt
[10Jan2026 15:52:47.422] [Server thread/DEBUG] [net.neoforged.neoforge.common.CommonHooks/WP]: Gathered mod list to write to world save Neue Welt
[10Jan2026 15:52:52.667] [Render thread/INFO] [net.minecraft.client.gui.components.ChatComponent/]: [System] [CHAT] Der Grundwert des Attributs Größe des Objekts Dev wurde auf -10.0 gesetzt
[10Jan2026 15:53:10.566] [Render thread/INFO] [net.minecraft.client.gui.components.ChatComponent/]: [System] [CHAT] Der Grundwert des Attributs Größe des Objekts Dev wurde auf 30.0 gesetzt
[10Jan2026 15:53:21.067] [Server thread/INFO] [net.minecraft.server.MinecraftServer/]: [Dev: Bad Alan wurde erzeugt]
[10Jan2026 15:53:21.072] [Render thread/INFO] [net.minecraft.client.gui.components.ChatComponent/]: [System] [CHAT] Bad Alan wurde erzeugt
[10Jan2026 15:53:30.149] [Render thread/INFO] [net.minecraft.client.gui.components.ChatComponent/]: [System] [CHAT] Der Grundwert des Attributs Größe des Objekts Dev wurde auf 20.0 gesetzt
[10Jan2026 15:53:32.803] [Render thread/INFO] [net.minecraft.client.gui.components.ChatComponent/]: [System] [CHAT] Der Grundwert des Attributs Größe des Objekts Dev wurde auf 2.0 gesetzt
[10Jan2026 15:53:40.360] [Render thread/INFO] [net.minecraft.client.gui.components.ChatComponent/]: [System] [CHAT] Der Grundwert des Attributs Größe des Objekts Dev wurde auf 1.0 gesetzt
[10Jan2026 15:53:43.996] [Render thread/INFO] [net.minecraft.client.gui.components.ChatComponent/]: [System] [CHAT] Der Grundwert für das Attribut Größe von Objekt Dev wurde auf den Standardwert 1.0 zurückgesetzt
[10Jan2026 15:54:05.978] [Server thread/INFO] [net.minecraft.client.server.IntegratedServer/]: Saving and pausing game...
[10Jan2026 15:54:06.008] [Server thread/INFO] [net.minecraft.server.MinecraftServer/]: Saving chunks for level 'ServerLevel[Neue Welt]'/minecraft:overworld
[10Jan2026 15:54:06.014] [Server thread/INFO] [net.minecraft.server.MinecraftServer/]: Saving chunks for level 'ServerLevel[Neue Welt]'/minecraft:the_nether
[10Jan2026 15:54:06.015] [Server thread/INFO] [net.minecraft.server.MinecraftServer/]: Saving chunks for level 'ServerLevel[Neue Welt]'/minecraft:the_end
[10Jan2026 15:54:06.017] [Server thread/DEBUG] [net.neoforged.neoforge.common.CommonHooks/WP]: Gathered mod list to write to world save Neue Welt
[10Jan2026 15:54:06.930] [Server thread/INFO] [net.minecraft.server.network.ServerGamePacketListenerImpl/]: Dev lost connection: Verbindung getrennt
[10Jan2026 15:54:06.931] [Server thread/INFO] [net.minecraft.server.MinecraftServer/]: Dev hat das Spiel verlassen
[10Jan2026 15:54:06.954] [Server thread/INFO] [net.minecraft.server.network.ServerCommonPacketListenerImpl/]: Stopping singleplayer server as player logged out
[10Jan2026 15:54:07.008] [Server thread/INFO] [net.minecraft.server.MinecraftServer/]: Stopping server
[10Jan2026 15:54:07.009] [Server thread/INFO] [net.minecraft.server.MinecraftServer/]: Saving players
[10Jan2026 15:54:07.010] [Server thread/INFO] [net.minecraft.server.MinecraftServer/]: Saving worlds
[10Jan2026 15:54:07.181] [Server thread/INFO] [net.minecraft.server.MinecraftServer/]: Saving chunks for level 'ServerLevel[Neue Welt]'/minecraft:overworld
[10Jan2026 15:54:07.211] [Server thread/INFO] [net.minecraft.server.MinecraftServer/]: Saving chunks for level 'ServerLevel[Neue Welt]'/minecraft:the_nether
[10Jan2026 15:54:07.221] [Server thread/INFO] [net.minecraft.server.MinecraftServer/]: Saving chunks for level 'ServerLevel[Neue Welt]'/minecraft:the_end
[10Jan2026 15:54:07.229] [Server thread/DEBUG] [net.neoforged.neoforge.common.CommonHooks/WP]: Gathered mod list to write to world save Neue Welt
[10Jan2026 15:54:07.241] [Server thread/INFO] [net.minecraft.server.MinecraftServer/]: ThreadedAnvilChunkStorage (Neue Welt): All chunks are saved
[10Jan2026 15:54:07.241] [Server thread/INFO] [net.minecraft.server.MinecraftServer/]: ThreadedAnvilChunkStorage (DIM-1): All chunks are saved
[10Jan2026 15:54:07.241] [Server thread/INFO] [net.minecraft.server.MinecraftServer/]: ThreadedAnvilChunkStorage (DIM1): All chunks are saved
[10Jan2026 15:54:07.241] [Server thread/INFO] [net.minecraft.server.MinecraftServer/]: ThreadedAnvilChunkStorage: All dimensions are saved
[10Jan2026 15:54:07.273] [Server thread/DEBUG] [net.neoforged.fml.config.ConfigTracker/CONFIG]: Unloading configs type SERVER
[10Jan2026 15:54:08.125] [Render thread/INFO] [net.minecraft.client.Minecraft/]: Stopping!
